,optim,train,features,hidden,size,lr,momentum,nesterov,epochs,decay,test,seed,runs,seed,epoch,train loss,test loss
0,gd,256,32,10,32,0.0005,0.0,False,20000,0,256,5,20,6,100800,0.010899285785853864,0.06616200506687164
1,gd,256,32,10,32,0.0005,0.0,False,20000,0,256,5,20,7,100800,0.01153621356934309,0.06974779069423677
2,gd,256,32,10,32,0.0005,0.0,False,20000,0,256,5,20,8,100800,0.011366598308086395,0.07421678304672241
3,gd,256,32,10,32,0.0005,0.0,False,20000,0,256,5,20,9,100800,0.01213420368731022,0.07382504642009735
4,gd,256,32,10,32,0.0005,0.0,False,20000,0,256,5,20,10,100800,0.010681042447686195,0.06787790358066559
5,gd,256,32,10,32,0.0005,0.0,False,20000,0,256,5,20,11,100800,0.010967900976538658,0.0644284337759018
6,gd,256,32,10,32,0.0005,0.0,False,20000,0,256,5,20,12,100800,0.012457463890314102,0.08696671575307846
7,gd,256,32,10,32,0.0005,0.0,False,20000,0,256,5,20,13,100800,0.01109272800385952,0.06139113008975983
8,gd,256,32,10,32,0.0005,0.0,False,20000,0,256,5,20,14,100800,0.01033878605812788,0.06137733533978462
9,gd,256,32,10,32,0.0005,0.0,False,20000,0,256,5,20,15,100800,0.011189378798007963,0.06968826055526732
10,gd,256,32,10,32,0.0005,0.0,False,20000,0,256,5,20,16,100800,0.011937854811549187,0.07225537300109862
11,gd,256,32,10,32,0.0005,0.0,False,20000,0,256,5,20,17,100800,0.011231275275349615,0.07168659567832948
12,gd,256,32,10,32,0.0005,0.0,False,20000,0,256,5,20,18,100800,0.0111971078440547,0.0729307308793068
13,gd,256,32,10,32,0.0005,0.0,False,20000,0,256,5,20,19,100800,0.010132482275366785,0.05805421620607376
14,gd,256,32,10,32,0.0005,0.0,False,20000,0,256,5,20,20,100800,0.010832803323864935,0.0661822110414505
15,gd,256,32,10,32,0.0005,0.0,False,20000,0,256,5,20,21,100800,0.011373607441782951,0.0696823000907898
16,gd,256,32,10,32,0.0005,0.0,False,20000,0,256,5,20,22,100800,0.011482958681881428,0.07137192785739899
17,gd,256,32,10,32,0.0005,0.0,False,20000,0,256,5,20,23,100800,0.012111394666135313,0.07912217825651169
18,gd,256,32,10,32,0.0005,0.0,False,20000,0,256,5,20,24,100800,0.010836049914360045,0.058983996510505676
19,gd,256,32,10,32,0.0005,0.0,False,20000,0,256,5,20,25,100800,0.012259136885404587,0.07859371602535248
0,gd,128,32,32,32,0.002,0.9,False,10000,0,128,5,20,6,50400,0.0025846627540886398,0.10937413573265076
1,gd,128,32,32,32,0.002,0.9,False,10000,0,128,5,20,7,50400,0.0024785443674772978,0.10306358337402344
2,gd,128,32,32,32,0.002,0.9,False,10000,0,128,5,20,8,50400,0.002676032250747085,0.11411645263433455
3,gd,128,32,32,32,0.002,0.9,False,10000,0,128,5,20,9,50400,0.002734513022005558,0.1199902892112732
4,gd,128,32,32,32,0.002,0.9,False,10000,0,128,5,20,10,50400,0.00260730623267591,0.11002383381128313
5,gd,128,32,32,32,0.002,0.9,False,10000,0,128,5,20,11,50400,0.0026956379879266024,0.11482463777065274
6,gd,128,32,32,32,0.002,0.9,False,10000,0,128,5,20,12,50400,0.0027266640681773424,0.11695987731218338
7,gd,128,32,32,32,0.002,0.9,False,10000,0,128,5,20,13,50400,0.002683961763978005,0.12129761278629304
8,gd,128,32,32,32,0.002,0.9,False,10000,0,128,5,20,14,50400,0.0026975953951478004,0.11670923233032228
9,gd,128,32,32,32,0.002,0.9,False,10000,0,128,5,20,15,50400,0.002793037798255682,0.11895618587732315
10,gd,128,32,32,32,0.002,0.9,False,10000,0,128,5,20,16,50400,0.0026686273049563174,0.11578743159770966
11,gd,128,32,32,32,0.002,0.9,False,10000,0,128,5,20,17,50400,0.002863527974113822,0.12700355052947998
12,gd,128,32,32,32,0.002,0.9,False,10000,0,128,5,20,18,50400,0.002751252381131053,0.11616158485412598
13,gd,128,32,32,32,0.002,0.9,False,10000,0,128,5,20,19,50400,0.0026259359437972307,0.11100022494792937
14,gd,128,32,32,32,0.002,0.9,False,10000,0,128,5,20,20,50400,0.0026494073681533337,0.1159457415342331
15,gd,128,32,32,32,0.002,0.9,False,10000,0,128,5,20,21,50400,0.002692899666726589,0.11727631837129593
16,gd,128,32,32,32,0.002,0.9,False,10000,0,128,5,20,22,50400,0.0027921500150114302,0.12055397033691405
17,gd,128,32,32,32,0.002,0.9,False,10000,0,128,5,20,23,50400,0.0027368268929421897,0.11534874141216278
18,gd,128,32,32,32,0.002,0.9,False,10000,0,128,5,20,24,50400,0.002724987221881747,0.1165001541376114
19,gd,128,32,32,32,0.002,0.9,False,10000,0,128,5,20,25,50400,0.0026315839495509863,0.11607328802347185
0,sgd,128,32,32,32,0.002,0.0,False,10000,0,128,5,20,6,50400,0.03703988855704665,1.157998099923134
1,sgd,128,32,32,32,0.002,0.0,False,10000,0,128,5,20,7,50400,0.03224709955975413,0.944849207997322
2,sgd,128,32,32,32,0.002,0.0,False,10000,0,128,5,20,8,50400,0.03746694698929787,1.2065213620662691
3,sgd,128,32,32,32,0.002,0.0,False,10000,0,128,5,20,9,50400,0.04057963890954852,1.39414082467556
4,sgd,128,32,32,32,0.002,0.0,False,10000,0,128,5,20,10,50400,0.036503374110907316,1.1741245239973068
5,sgd,128,32,32,32,0.002,0.0,False,10000,0,128,5,20,11,50400,0.03799415472894907,1.2446952015161514
6,sgd,128,32,32,32,0.002,0.0,False,10000,0,128,5,20,12,50400,0.04155151452869177,1.3922905623912811
7,sgd,128,32,32,32,0.002,0.0,False,10000,0,128,5,20,13,50400,0.03863148903474212,1.3507811725139618
8,sgd,128,32,32,32,0.002,0.0,False,10000,0,128,5,20,14,50400,0.03746437514200807,1.2648170590400696
9,sgd,128,32,32,32,0.002,0.0,False,10000,0,128,5,20,15,50400,0.04029170516878367,1.3058477342128754
10,sgd,128,32,32,32,0.002,0.0,False,10000,0,128,5,20,16,50400,0.039240325801074505,1.2573579549789429
11,sgd,128,32,32,32,0.002,0.0,False,10000,0,128,5,20,17,50400,0.04389931913465262,1.5417436063289642
12,sgd,128,32,32,32,0.002,0.0,False,10000,0,128,5,20,18,50400,0.04297489812597632,1.3818686604499817
13,sgd,128,32,32,32,0.002,0.0,False,10000,0,128,5,20,19,50400,0.03740180656313896,1.16989978402853
14,sgd,128,32,32,32,0.002,0.0,False,10000,0,128,5,20,20,50400,0.037416020408272736,1.2367844432592392
15,sgd,128,32,32,32,0.002,0.0,False,10000,0,128,5,20,21,50400,0.03871989343315363,1.3138916343450546
16,sgd,128,32,32,32,0.002,0.0,False,10000,0,128,5,20,22,50400,0.041637465357780463,1.420046582818031
17,sgd,128,32,32,32,0.002,0.0,False,10000,0,128,5,20,23,50400,0.03944041300565004,1.2951279431581495
18,sgd,128,32,32,32,0.002,0.0,False,10000,0,128,5,20,24,50400,0.03863191418349743,1.2667293101549149
19,sgd,128,32,32,32,0.002,0.0,False,10000,0,128,5,20,25,50400,0.038397542666643865,1.2511489912867546
0,gd,256,32,32,32,0.002,0.0,False,10000,0,256,5,20,6,50400,0.028785644099116325,0.1635601371526718
1,gd,256,32,32,32,0.002,0.0,False,10000,0,256,5,20,7,50400,0.030192140489816662,0.18098075687885284
2,gd,256,32,32,32,0.002,0.0,False,10000,0,256,5,20,8,50400,0.029235981404781338,0.17299148440361026
3,gd,256,32,32,32,0.002,0.0,False,10000,0,256,5,20,9,50400,0.031055685132741925,0.1861116588115692
4,gd,256,32,32,32,0.002,0.0,False,10000,0,256,5,20,10,50400,0.029391346499323845,0.18298959732055664
5,gd,256,32,32,32,0.002,0.0,False,10000,0,256,5,20,11,50400,0.030737308785319332,0.18721674382686612
6,gd,256,32,32,32,0.002,0.0,False,10000,0,256,5,20,12,50400,0.03096766397356987,0.19426658749580386
7,gd,256,32,32,32,0.002,0.0,False,10000,0,256,5,20,13,50400,0.030996672809123993,0.17955173552036285
8,gd,256,32,32,32,0.002,0.0,False,10000,0,256,5,20,14,50400,0.028244767338037487,0.16508644819259646
9,gd,256,32,32,32,0.002,0.0,False,10000,0,256,5,20,15,50400,0.02939960733056068,0.1708555370569229
10,gd,256,32,32,32,0.002,0.0,False,10000,0,256,5,20,16,50400,0.02966005355119705,0.1735585331916809
11,gd,256,32,32,32,0.002,0.0,False,10000,0,256,5,20,17,50400,0.03109013848006725,0.18697695434093475
12,gd,256,32,32,32,0.002,0.0,False,10000,0,256,5,20,18,50400,0.029451508074998856,0.16998246312141418
13,gd,256,32,32,32,0.002,0.0,False,10000,0,256,5,20,19,50400,0.030235987156629562,0.1832779496908188
14,gd,256,32,32,32,0.002,0.0,False,10000,0,256,5,20,20,50400,0.030436582863330838,0.1829368472099304
15,gd,256,32,32,32,0.002,0.0,False,10000,0,256,5,20,21,50400,0.02967189811170101,0.1678774058818817
16,gd,256,32,32,32,0.002,0.0,False,10000,0,256,5,20,22,50400,0.03092092275619507,0.1850692927837372
17,gd,256,32,32,32,0.002,0.0,False,10000,0,256,5,20,23,50400,0.029625380411744118,0.1734161674976349
18,gd,256,32,32,32,0.002,0.0,False,10000,0,256,5,20,24,50400,0.02969045378267765,0.17127323150634766
19,gd,256,32,32,32,0.002,0.0,False,10000,0,256,5,20,25,50400,0.03298487141728401,0.20437972247600555
0,sgd,256,32,32,32,0.002,0.0,False,10000,0,256,5,20,6,50400,0.0035946816788055007,0.020415551261976358
1,sgd,256,32,32,32,0.002,0.0,False,10000,0,256,5,20,7,50400,0.0037718699313700203,0.022605036618188024
2,sgd,256,32,32,32,0.002,0.0,False,10000,0,256,5,20,8,50400,0.003651852894108743,0.021596878301352262
3,sgd,256,32,32,32,0.002,0.0,False,10000,0,256,5,20,9,50400,0.0038812621787656103,0.023253964027389884
4,sgd,256,32,32,32,0.002,0.0,False,10000,0,256,5,20,10,50400,0.0036714850866701454,0.022847098531201482
5,sgd,256,32,32,32,0.002,0.0,False,10000,0,256,5,20,11,50400,0.0038405129744205615,0.023384902626276016
6,sgd,256,32,32,32,0.002,0.0,False,10000,0,256,5,20,12,50400,0.003868744010105729,0.024262530030682683
7,sgd,256,32,32,32,0.002,0.0,False,10000,0,256,5,20,13,50400,0.003871979133691639,0.02242344873957336
8,sgd,256,32,32,32,0.002,0.0,False,10000,0,256,5,20,14,50400,0.0035289470106363297,0.0206228808965534
9,sgd,256,32,32,32,0.002,0.0,False,10000,0,256,5,20,15,50400,0.003671657963423058,0.021333989221602682
10,sgd,256,32,32,32,0.002,0.0,False,10000,0,256,5,20,16,50400,0.003707175579620525,0.02167841256596148
11,sgd,256,32,32,32,0.002,0.0,False,10000,0,256,5,20,17,50400,0.003883833647705615,0.023346733883954585
12,sgd,256,32,32,32,0.002,0.0,False,10000,0,256,5,20,18,50400,0.003678044799016789,0.021208835998550057
13,sgd,256,32,32,32,0.002,0.0,False,10000,0,256,5,20,19,50400,0.0037787263572681695,0.022894542897120118
14,sgd,256,32,32,32,0.002,0.0,False,10000,0,256,5,20,20,50400,0.003802190040005371,0.022846801672130827
15,sgd,256,32,32,32,0.002,0.0,False,10000,0,256,5,20,21,50400,0.003707712836330757,0.02096689259633422
16,sgd,256,32,32,32,0.002,0.0,False,10000,0,256,5,20,22,50400,0.003862928802846,0.023111294722184542
17,sgd,256,32,32,32,0.002,0.0,False,10000,0,256,5,20,23,50400,0.003700933099025861,0.021652221912518144
18,sgd,256,32,32,32,0.002,0.0,False,10000,0,256,5,20,24,50400,0.003709924669237808,0.02139174239709973
19,sgd,256,32,32,32,0.002,0.0,False,10000,0,256,5,20,25,50400,0.004120963509194553,0.0255260628182441
0,sgd,128,32,10,32,0.0005,0.9,False,20000,0,128,5,20,6,100800,0.00025268262834288185,0.011313016409985721
1,sgd,128,32,10,32,0.0005,0.9,False,20000,0,128,5,20,7,100800,0.00023151014465838668,0.00831187202129513
2,sgd,128,32,10,32,0.0005,0.9,False,20000,0,128,5,20,8,100800,0.00027124265034217393,0.011906068539246915
3,sgd,128,32,10,32,0.0005,0.9,False,20000,0,128,5,20,9,100800,0.00026850685026147403,0.012189712142571809
4,sgd,128,32,10,32,0.0005,0.9,False,20000,0,128,5,20,10,100800,0.00023569375844090248,0.009592341142706571
5,sgd,128,32,10,32,0.0005,0.9,False,20000,0,128,5,20,11,100800,0.00027428502653492615,0.012440910213626921
6,sgd,128,32,10,32,0.0005,0.9,False,20000,0,128,5,20,12,100800,0.000242304307903396,0.010164494276978077
7,sgd,128,32,10,32,0.0005,0.9,False,20000,0,128,5,20,13,100800,0.0002530330348236021,0.011159237939864395
8,sgd,128,32,10,32,0.0005,0.9,False,20000,0,128,5,20,14,100800,0.0002682213525986299,0.012074865167960523
9,sgd,128,32,10,32,0.0005,0.9,False,20000,0,128,5,20,15,100800,0.00025461058612563653,0.009578577242791651
10,sgd,128,32,10,32,0.0005,0.9,False,20000,0,128,5,20,16,100800,0.00025405468113604,0.011695750872604549
11,sgd,128,32,10,32,0.0005,0.9,False,20000,0,128,5,20,17,100800,0.0002657653822097928,0.011970068793743849
12,sgd,128,32,10,32,0.0005,0.9,False,20000,0,128,5,20,18,100800,0.0002664447602001019,0.011291127768345177
13,sgd,128,32,10,32,0.0005,0.9,False,20000,0,128,5,20,19,100800,0.00024543308973079547,0.009363755350932479
14,sgd,128,32,10,32,0.0005,0.9,False,20000,0,128,5,20,20,100800,0.00025228092999896035,0.011602399055846035
15,sgd,128,32,10,32,0.0005,0.9,False,20000,0,128,5,20,21,100800,0.00027317629792378284,0.013004848500713706
16,sgd,128,32,10,32,0.0005,0.9,False,20000,0,128,5,20,22,100800,0.0002592899181763641,0.011102396761998534
17,sgd,128,32,10,32,0.0005,0.9,False,20000,0,128,5,20,23,100800,0.00028348530759103596,0.012869023717939855
18,sgd,128,32,10,32,0.0005,0.9,False,20000,0,128,5,20,24,100800,0.00022289708431344482,0.007862052996642888
19,sgd,128,32,10,32,0.0005,0.9,False,20000,0,128,5,20,25,100800,0.00024728582866373466,0.010882390546612442
0,gd,128,32,1,32,0.0005,0.9,False,20000,0,128,5,20,6,100800,155.7998504638672,804.9224853515625
1,gd,128,32,1,32,0.0005,0.9,False,20000,0,128,5,20,7,400,3.124312197844148e-10,2.7761346554910915e-09
2,gd,128,32,1,32,0.0005,0.9,False,20000,0,128,5,20,8,500,1.3989490121879558e-10,1.2347285416325347e-09
3,gd,128,32,1,32,0.0005,0.9,False,20000,0,128,5,20,9,100800,117.74485778808594,1021.012451171875
4,gd,128,32,1,32,0.0005,0.9,False,20000,0,128,5,20,10,100800,155.0307159423828,605.3863525390625
5,gd,128,32,1,32,0.0005,0.9,False,20000,0,128,5,20,11,400,3.5478703308555737e-10,3.0519529126138427e-09
6,gd,128,32,1,32,0.0005,0.9,False,20000,0,128,5,20,12,1400,4.977153689189606e-10,4.4554533396024e-09
7,gd,128,32,1,32,0.0005,0.9,False,20000,0,128,5,20,13,500,2.8060154200204584e-10,2.558253608953009e-09
8,gd,128,32,1,32,0.0005,0.9,False,20000,0,128,5,20,14,400,2.3085893197105634e-09,2.4587873070913705e-08
9,gd,128,32,1,32,0.0005,0.9,False,20000,0,128,5,20,15,500,1.976389191193917e-10,1.7807788577073325e-09
10,gd,128,32,1,32,0.0005,0.9,False,20000,0,128,5,20,16,100800,143.9956512451172,682.1319580078125
11,gd,128,32,1,32,0.0005,0.9,False,20000,0,128,5,20,17,400,2.2291606061042304e-10,2.6140287712195227e-09
12,gd,128,32,1,32,0.0005,0.9,False,20000,0,128,5,20,18,500,6.510565420114743e-10,5.375518696837388e-09
13,gd,128,32,1,32,0.0005,0.9,False,20000,0,128,5,20,19,100800,69.54790496826172,627.1829833984375
14,gd,128,32,1,32,0.0005,0.9,False,20000,0,128,5,20,20,100800,79.4659652709961,597.5514526367188
15,gd,128,32,1,32,0.0005,0.9,False,20000,0,128,5,20,21,400,5.146537418454501e-09,5.1531191758158457e-08
16,gd,128,32,1,32,0.0005,0.9,False,20000,0,128,5,20,22,100800,137.93885803222656,597.80517578125
17,gd,128,32,1,32,0.0005,0.9,False,20000,0,128,5,20,23,400,1.8516568278670318e-09,1.959399398288042e-08
18,gd,128,32,1,32,0.0005,0.9,False,20000,0,128,5,20,24,300,2.831361589628045e-09,1.5301626632435728e-08
19,gd,128,32,1,32,0.0005,0.9,False,20000,0,128,5,20,25,400,6.8707715072946485e-09,7.060829432248282e-08
0,gd,256,32,1,32,0.002,0.9,False,10000,0,256,5,20,6,300,5.2977795761410824e-11,7.359782228100188e-11
1,gd,256,32,1,32,0.002,0.9,False,10000,0,256,5,20,7,300,8.866139072916113e-11,6.858949519461532e-11
2,gd,256,32,1,32,0.002,0.9,False,10000,0,256,5,20,8,300,6.777975403160497e-11,7.283064429319808e-11
3,gd,256,32,1,32,0.002,0.9,False,10000,0,256,5,20,9,300,6.43253159071655e-11,9.188437510854186e-11
4,gd,256,32,1,32,0.002,0.9,False,10000,0,256,5,20,10,300,6.183357298406023e-11,6.968142035601589e-11
5,gd,256,32,1,32,0.002,0.9,False,10000,0,256,5,20,11,300,5.936826724672883e-11,7.436355003997973e-11
6,gd,256,32,1,32,0.002,0.9,False,10000,0,256,5,20,12,300,7.764790199704663e-11,7.034863663823998e-11
7,gd,256,32,1,32,0.002,0.9,False,10000,0,256,5,20,13,300,6.549055742155474e-11,6.305478361667838e-11
8,gd,256,32,1,32,0.002,0.9,False,10000,0,256,5,20,14,300,5.99267233059031e-11,6.600626989428092e-11
9,gd,256,32,1,32,0.002,0.9,False,10000,0,256,5,20,15,300,6.31523236482856e-11,8.19762868697893e-11
10,gd,256,32,1,32,0.002,0.9,False,10000,0,256,5,20,16,300,9.452476995575054e-11,1.1820866507861183e-10
11,gd,256,32,1,32,0.002,0.9,False,10000,0,256,5,20,17,300,5.777175959842396e-11,7.996695666756538e-11
12,gd,256,32,1,32,0.002,0.9,False,10000,0,256,5,20,18,300,6.082721826228266e-11,8.122282013633964e-11
13,gd,256,32,1,32,0.002,0.9,False,10000,0,256,5,20,19,300,7.290566761408712e-11,1.2481231326244568e-10
14,gd,256,32,1,32,0.002,0.9,False,10000,0,256,5,20,20,300,7.956379305396054e-11,7.338845503523929e-11
15,gd,256,32,1,32,0.002,0.9,False,10000,0,256,5,20,21,300,6.993202544824939e-11,8.579843085998462e-11
16,gd,256,32,1,32,0.002,0.9,False,10000,0,256,5,20,22,300,9.537672041037836e-11,1.5754182680627338e-10
17,gd,256,32,1,32,0.002,0.9,False,10000,0,256,5,20,23,300,6.32892349639036e-11,6.835511323632915e-11
18,gd,256,32,1,32,0.002,0.9,False,10000,0,256,5,20,24,300,6.657643186747109e-11,1.1505732477878894e-10
19,gd,256,32,1,32,0.002,0.9,False,10000,0,256,5,20,25,300,6.215560705014056e-11,8.44925449050571e-11
0,sgd,256,32,10,32,0.0005,0.0,False,20000,0,256,5,20,6,100800,0.0013589093287009744,0.008243548858445138
1,sgd,256,32,10,32,0.0005,0.0,False,20000,0,256,5,20,7,100800,0.0014379181375261394,0.008681747654918581
2,sgd,256,32,10,32,0.0005,0.0,False,20000,0,256,5,20,8,100800,0.0014163050800561905,0.0092390674399212
3,sgd,256,32,10,32,0.0005,0.0,False,20000,0,256,5,20,9,100800,0.0015159239701461047,0.009215675410814585
4,sgd,256,32,10,32,0.0005,0.0,False,20000,0,256,5,20,10,100800,0.0013353212270885706,0.008480479242280127
5,sgd,256,32,10,32,0.0005,0.0,False,20000,0,256,5,20,11,100800,0.0013666906743310392,0.008037294202949852
6,sgd,256,32,10,32,0.0005,0.0,False,20000,0,256,5,20,12,100800,0.001552524176076986,0.010835953638888896
7,sgd,256,32,10,32,0.0005,0.0,False,20000,0,256,5,20,13,100800,0.0013844631976098756,0.007669864105992019
8,sgd,256,32,10,32,0.0005,0.0,False,20000,0,256,5,20,14,100800,0.0012915690749650821,0.007666415942367165
9,sgd,256,32,10,32,0.0005,0.0,False,20000,0,256,5,20,15,100800,0.0013946917024441063,0.008680932980496436
10,sgd,256,32,10,32,0.0005,0.0,False,20000,0,256,5,20,16,100800,0.0014913272752892224,0.009024569590110332
11,sgd,256,32,10,32,0.0005,0.0,False,20000,0,256,5,20,17,100800,0.0014002038078615444,0.00893619138514623
12,sgd,256,32,10,32,0.0005,0.0,False,20000,0,256,5,20,18,100800,0.0014004332188051196,0.009125722339376807
13,sgd,256,32,10,32,0.0005,0.0,False,20000,0,256,5,20,19,100800,0.0012621902860701086,0.007226402871310711
14,sgd,256,32,10,32,0.0005,0.0,False,20000,0,256,5,20,20,100800,0.0013530633877962828,0.008273197337985039
15,sgd,256,32,10,32,0.0005,0.0,False,20000,0,256,5,20,21,100800,0.0014177966950228438,0.008681061735842377
16,sgd,256,32,10,32,0.0005,0.0,False,20000,0,256,5,20,22,100800,0.0014349800039781258,0.008911345968954265
17,sgd,256,32,10,32,0.0005,0.0,False,20000,0,256,5,20,23,100800,0.0015134620480239393,0.00988930807216093
18,sgd,256,32,10,32,0.0005,0.0,False,20000,0,256,5,20,24,100800,0.001352527367998846,0.007352077635005117
19,sgd,256,32,10,32,0.0005,0.0,False,20000,0,256,5,20,25,100800,0.0015323458646889776,0.009813997836317869
0,gd,256,32,10,32,0.002,0.9,False,10000,0,256,5,20,6,50400,3.982977068517357e-05,0.0002862223773263395
1,gd,256,32,10,32,0.002,0.9,False,10000,0,256,5,20,7,50400,3.946796641685069e-05,0.00027519644936546683
2,gd,256,32,10,32,0.002,0.9,False,10000,0,256,5,20,8,50400,3.9995749830268323e-05,0.0002975916431751102
3,gd,256,32,10,32,0.002,0.9,False,10000,0,256,5,20,9,50400,4.0987953980220475e-05,0.00029860500944778323
4,gd,256,32,10,32,0.002,0.9,False,10000,0,256,5,20,10,50400,3.870721411658451e-05,0.0002881181135307997
5,gd,256,32,10,32,0.002,0.9,False,10000,0,256,5,20,11,50400,3.935325003112666e-05,0.00028652598848566413
6,gd,256,32,10,32,0.002,0.9,False,10000,0,256,5,20,12,50400,4.0179904317483306e-05,0.00030488608172163367
7,gd,256,32,10,32,0.002,0.9,False,10000,0,256,5,20,13,50400,3.9926711906446144e-05,0.0002752445579972118
8,gd,256,32,10,32,0.002,0.9,False,10000,0,256,5,20,14,50400,3.690668745548464e-05,0.0002659438468981534
9,gd,256,32,10,32,0.002,0.9,False,10000,0,256,5,20,15,50400,4.030047421110794e-05,0.00030089632491581137
10,gd,256,32,10,32,0.002,0.9,False,10000,0,256,5,20,16,50400,3.951802864321508e-05,0.00027481088181957597
11,gd,256,32,10,32,0.002,0.9,False,10000,0,256,5,20,17,50400,3.932001709472388e-05,0.0002836002386175096
12,gd,256,32,10,32,0.002,0.9,False,10000,0,256,5,20,18,50400,3.9945633034221835e-05,0.0002976219984702766
13,gd,256,32,10,32,0.002,0.9,False,10000,0,256,5,20,19,50400,3.852834925055504e-05,0.00028910071705468
14,gd,256,32,10,32,0.002,0.9,False,10000,0,256,5,20,20,50400,3.937855217372999e-05,0.00028764858143404126
15,gd,256,32,10,32,0.002,0.9,False,10000,0,256,5,20,21,50400,3.9743543311487877e-05,0.0002802369417622685
16,gd,256,32,10,32,0.002,0.9,False,10000,0,256,5,20,22,50400,3.952253609895706e-05,0.0002854373888112605
17,gd,256,32,10,32,0.002,0.9,False,10000,0,256,5,20,23,50400,3.9673275750828914e-05,0.0002906853915192187
18,gd,256,32,10,32,0.002,0.9,False,10000,0,256,5,20,24,50400,3.881040174746886e-05,0.0002642350154928863
19,gd,256,32,10,32,0.002,0.9,False,10000,0,256,5,20,25,50400,4.1132916521746665e-05,0.00029945318237878377
0,gd,128,32,32,32,0.002,0.0,False,10000,0,128,5,20,6,50400,0.1481897532939911,4.633720874786377
1,gd,128,32,32,32,0.002,0.0,False,10000,0,128,5,20,7,50400,0.129038468003273,3.781859874725342
2,gd,128,32,32,32,0.002,0.0,False,10000,0,128,5,20,8,50400,0.14990545809268951,4.828129768371582
3,gd,128,32,32,32,0.002,0.0,False,10000,0,128,5,20,9,50400,0.16236519813537598,5.578831195831299
4,gd,128,32,32,32,0.002,0.0,False,10000,0,128,5,20,10,50400,0.1460438072681427,4.698392868041992
5,gd,128,32,32,32,0.002,0.0,False,10000,0,128,5,20,11,50400,0.15200775861740112,4.980454444885254
6,gd,128,32,32,32,0.002,0.0,False,10000,0,128,5,20,12,50400,0.16623732447624207,5.571408748626709
7,gd,128,32,32,32,0.002,0.0,False,10000,0,128,5,20,13,50400,0.15456968545913696,5.406008243560791
8,gd,128,32,32,32,0.002,0.0,False,10000,0,128,5,20,14,50400,0.14989566802978516,5.0617103576660165
9,gd,128,32,32,32,0.002,0.0,False,10000,0,128,5,20,15,50400,0.1612050235271454,5.22536563873291
10,gd,128,32,32,32,0.002,0.0,False,10000,0,128,5,20,16,50400,0.15700708329677582,5.031873226165772
11,gd,128,32,32,32,0.002,0.0,False,10000,0,128,5,20,17,50400,0.1756242662668228,6.169536113739014
12,gd,128,32,32,32,0.002,0.0,False,10000,0,128,5,20,18,50400,0.17193865776062012,5.529554843902588
13,gd,128,32,32,32,0.002,0.0,False,10000,0,128,5,20,19,50400,0.14964185655117035,4.681875705718994
14,gd,128,32,32,32,0.002,0.0,False,10000,0,128,5,20,20,50400,0.14967942237854004,4.948915004730225
15,gd,128,32,32,32,0.002,0.0,False,10000,0,128,5,20,21,50400,0.15494613349437714,5.259056091308594
16,gd,128,32,32,32,0.002,0.0,False,10000,0,128,5,20,22,50400,0.1665831059217453,5.682302951812744
17,gd,128,32,32,32,0.002,0.0,False,10000,0,128,5,20,23,50400,0.1577959805727005,5.182438850402832
18,gd,128,32,32,32,0.002,0.0,False,10000,0,128,5,20,24,50400,0.15454643964767456,5.068390369415283
19,gd,128,32,32,32,0.002,0.0,False,10000,0,128,5,20,25,50400,0.15364311635494232,5.007540702819824
0,gd,256,32,32,32,0.002,0.9,False,10000,0,256,5,20,6,50400,0.0003840114804916084,0.002570694778114557
1,gd,256,32,32,32,0.002,0.9,False,10000,0,256,5,20,7,50400,0.00039677094900980586,0.0027519245631992817
2,gd,256,32,32,32,0.002,0.9,False,10000,0,256,5,20,8,50400,0.00038806092925369734,0.002646706067025661
3,gd,256,32,32,32,0.002,0.9,False,10000,0,256,5,20,9,50400,0.00039712348370812833,0.002714461646974087
4,gd,256,32,32,32,0.002,0.9,False,10000,0,256,5,20,10,50400,0.00039438161184079945,0.002798510016873479
5,gd,256,32,32,32,0.002,0.9,False,10000,0,256,5,20,11,50400,0.00040192963206209237,0.0028157327324151997
6,gd,256,32,32,32,0.002,0.9,False,10000,0,256,5,20,12,50400,0.0004001644847448915,0.002829149132594466
7,gd,256,32,32,32,0.002,0.9,False,10000,0,256,5,20,13,50400,0.00040030342643149197,0.002718678442761302
8,gd,256,32,32,32,0.002,0.9,False,10000,0,256,5,20,14,50400,0.0003872231463901698,0.0026737297885119915
9,gd,256,32,32,32,0.002,0.9,False,10000,0,256,5,20,15,50400,0.0003915215784218162,0.002682474674656987
10,gd,256,32,32,32,0.002,0.9,False,10000,0,256,5,20,16,50400,0.0003910374944098294,0.0026648123748600483
11,gd,256,32,32,32,0.002,0.9,False,10000,0,256,5,20,17,50400,0.00040106516098603606,0.0027462081052362923
12,gd,256,32,32,32,0.002,0.9,False,10000,0,256,5,20,18,50400,0.00039345983532257384,0.002663631923496723
13,gd,256,32,32,32,0.002,0.9,False,10000,0,256,5,20,19,50400,0.0003986586525570601,0.002824234776198864
14,gd,256,32,32,32,0.002,0.9,False,10000,0,256,5,20,20,50400,0.00040174243622459466,0.002792889252305031
15,gd,256,32,32,32,0.002,0.9,False,10000,0,256,5,20,21,50400,0.0003905761404894293,0.0026022791862487797
16,gd,256,32,32,32,0.002,0.9,False,10000,0,256,5,20,22,50400,0.00040059647290036077,0.0027576847933232784
17,gd,256,32,32,32,0.002,0.9,False,10000,0,256,5,20,23,50400,0.0003879311843775213,0.0026122620329260826
18,gd,256,32,32,32,0.002,0.9,False,10000,0,256,5,20,24,50400,0.00039316478068940336,0.0026434727478772397
19,gd,256,32,32,32,0.002,0.9,False,10000,0,256,5,20,25,50400,0.000414524256484583,0.0029020875226706266
0,gd,128,32,10,32,0.0005,0.0,False,20000,0,128,5,20,6,100800,0.06454772502183914,2.308678388595581
1,gd,128,32,10,32,0.0005,0.0,False,20000,0,128,5,20,7,100800,0.055444814264774316,1.4264124631881714
2,gd,128,32,10,32,0.0005,0.0,False,20000,0,128,5,20,8,100800,0.07321788370609282,2.5669047832489014
3,gd,128,32,10,32,0.0005,0.0,False,20000,0,128,5,20,9,100800,0.06179746612906456,2.2701520919799805
4,gd,128,32,10,32,0.0005,0.0,False,20000,0,128,5,20,10,100800,0.05676331371068955,1.7573506832122805
5,gd,128,32,10,32,0.0005,0.0,False,20000,0,128,5,20,11,100800,0.07019832730293274,2.590904712677002
6,gd,128,32,10,32,0.0005,0.0,False,20000,0,128,5,20,12,100800,0.06484657526016235,2.1051218509674072
7,gd,128,32,10,32,0.0005,0.0,False,20000,0,128,5,20,13,100800,0.06094589456915856,2.0887098312377934
8,gd,128,32,10,32,0.0005,0.0,False,20000,0,128,5,20,14,100800,0.06738470494747162,2.4730286598205566
9,gd,128,32,10,32,0.0005,0.0,False,20000,0,128,5,20,15,100800,0.05875338986515999,1.4998722076416016
10,gd,128,32,10,32,0.0005,0.0,False,20000,0,128,5,20,16,100800,0.07210509479045868,2.6684041023254395
11,gd,128,32,10,32,0.0005,0.0,False,20000,0,128,5,20,17,100800,0.061668232083320625,2.0965983867645264
12,gd,128,32,10,32,0.0005,0.0,False,20000,0,128,5,20,18,100800,0.06896305084228516,2.232747793197632
13,gd,128,32,10,32,0.0005,0.0,False,20000,0,128,5,20,19,100800,0.0563298836350441,1.6279324293136597
14,gd,128,32,10,32,0.0005,0.0,False,20000,0,128,5,20,20,100800,0.05689609423279762,2.1146433353424072
15,gd,128,32,10,32,0.0005,0.0,False,20000,0,128,5,20,21,100800,0.06422760337591171,2.5982744693756104
16,gd,128,32,10,32,0.0005,0.0,False,20000,0,128,5,20,22,100800,0.06781801581382751,2.197863340377808
17,gd,128,32,10,32,0.0005,0.0,False,20000,0,128,5,20,23,100800,0.0763990730047226,2.935828685760498
18,gd,128,32,10,32,0.0005,0.0,False,20000,0,128,5,20,24,100800,0.053407438099384315,1.3688708543777466
19,gd,128,32,10,32,0.0005,0.0,False,20000,0,128,5,20,25,100800,0.05971011891961098,2.088565826416016
0,sgd,256,32,1,32,0.0005,0.9,False,20000,0,256,5,20,6,100,6.198255728118163e-10,2.2699498392064754e-09
1,sgd,256,32,1,32,0.0005,0.9,False,20000,0,256,5,20,7,100,1.802613752710513e-10,5.925486733227013e-10
2,sgd,256,32,1,32,0.0005,0.9,False,20000,0,256,5,20,8,100,2.536389518553728e-10,7.878163919838865e-10
3,sgd,256,32,1,32,0.0005,0.9,False,20000,0,256,5,20,9,100,2.81525677769956e-10,9.47462209383021e-10
4,sgd,256,32,1,32,0.0005,0.9,False,20000,0,256,5,20,10,100,2.096019163788654e-09,7.848021899015123e-09
5,sgd,256,32,1,32,0.0005,0.9,False,20000,0,256,5,20,11,100,2.466827325742216e-09,9.132159223268488e-09
6,sgd,256,32,1,32,0.0005,0.9,False,20000,0,256,5,20,12,100,2.484164735028216e-09,9.409314938313427e-09
7,sgd,256,32,1,32,0.0005,0.9,False,20000,0,256,5,20,13,100,4.1565062156023735e-10,1.4697874028968272e-09
8,sgd,256,32,1,32,0.0005,0.9,False,20000,0,256,5,20,14,100,4.4177204602813264e-10,1.6473664654625966e-09
9,sgd,256,32,1,32,0.0005,0.9,False,20000,0,256,5,20,15,100,1.8964719204761502e-10,5.809590933325559e-10
10,sgd,256,32,1,32,0.0005,0.9,False,20000,0,256,5,20,16,100,2.103856741597632e-09,7.808328067460124e-09
11,sgd,256,32,1,32,0.0005,0.9,False,20000,0,256,5,20,17,100,4.120046578209857e-10,1.4866742767405405e-09
12,sgd,256,32,1,32,0.0005,0.9,False,20000,0,256,5,20,18,100,1.5221984436819549e-09,5.617102311061828e-09
13,sgd,256,32,1,32,0.0005,0.9,False,20000,0,256,5,20,19,200,1.609578668265721e-10,4.807295065495376e-10
14,sgd,256,32,1,32,0.0005,0.9,False,20000,0,256,5,20,20,200,1.4580104788428083e-10,4.668193314544267e-10
15,sgd,256,32,1,32,0.0005,0.9,False,20000,0,256,5,20,21,100,8.818458324677536e-10,3.2470303251708192e-09
16,sgd,256,32,1,32,0.0005,0.9,False,20000,0,256,5,20,22,200,1.5740223013871457e-10,4.846718113654669e-10
17,sgd,256,32,1,32,0.0005,0.9,False,20000,0,256,5,20,23,100,1.106229635672307e-09,4.114009230504756e-09
18,sgd,256,32,1,32,0.0005,0.9,False,20000,0,256,5,20,24,100,2.1742782921330142e-10,5.966701265014417e-10
19,sgd,256,32,1,32,0.0005,0.9,False,20000,0,256,5,20,25,100,1.256226921098058e-09,4.63657340299406e-09
0,gd,128,32,1,32,0.0005,0.0,False,20000,0,128,5,20,6,100800,155.7998809814453,804.9276123046875
1,gd,128,32,1,32,0.0005,0.0,False,20000,0,128,5,20,7,100800,1.737359767162161e-08,1.4223019206838214e-07
2,gd,128,32,1,32,0.0005,0.0,False,20000,0,128,5,20,8,100800,1.7896200077416324e-08,1.4697738492941426e-07
3,gd,128,32,1,32,0.0005,0.0,False,20000,0,128,5,20,9,100800,117.74485778808594,1021.0125122070312
4,gd,128,32,1,32,0.0005,0.0,False,20000,0,128,5,20,10,100800,155.0307159423828,605.384765625
5,gd,128,32,1,32,0.0005,0.0,False,20000,0,128,5,20,11,100800,1.853987718902772e-08,1.4688960447983845e-07
6,gd,128,32,1,32,0.0005,0.0,False,20000,0,128,5,20,12,100800,1.8383511601882674e-08,1.4062838715744874e-07
7,gd,128,32,1,32,0.0005,0.0,False,20000,0,128,5,20,13,100800,1.4566484018985191e-08,1.436494301287894e-07
8,gd,128,32,1,32,0.0005,0.0,False,20000,0,128,5,20,14,100800,1.5489352023223546e-08,1.5111123730093825e-07
9,gd,128,32,1,32,0.0005,0.0,False,20000,0,128,5,20,15,100800,1.7803348129064034e-08,1.4059972386348818e-07
10,gd,128,32,1,32,0.0005,0.0,False,20000,0,128,5,20,16,100800,1.8156331549334936e-08,1.2424509066022438e-07
11,gd,128,32,1,32,0.0005,0.0,False,20000,0,128,5,20,17,100800,1.2774833635376126e-08,9.523903088393126e-08
12,gd,128,32,1,32,0.0005,0.0,False,20000,0,128,5,20,18,100800,1.310228370243749e-08,9.164294567653995e-08
13,gd,128,32,1,32,0.0005,0.0,False,20000,0,128,5,20,19,100800,69.54790496826172,627.1734008789062
14,gd,128,32,1,32,0.0005,0.0,False,20000,0,128,5,20,20,100800,79.46598052978516,597.5894775390625
15,gd,128,32,1,32,0.0005,0.0,False,20000,0,128,5,20,21,100800,1.7906803151390704e-08,1.4225720690319574e-07
16,gd,128,32,1,32,0.0005,0.0,False,20000,0,128,5,20,22,100800,137.9388427734375,597.8191528320312
17,gd,128,32,1,32,0.0005,0.0,False,20000,0,128,5,20,23,100800,1.7305458399619056e-08,1.3632175921429734e-07
18,gd,128,32,1,32,0.0005,0.0,False,20000,0,128,5,20,24,100800,1.8301669513220983e-08,9.632553599203676e-08
19,gd,128,32,1,32,0.0005,0.0,False,20000,0,128,5,20,25,100800,1.6457688545301608e-08,1.4109254209415667e-07
0,sgd,128,32,10,32,0.002,0.0,False,10000,0,128,5,20,6,50400,0.004779728013090789,0.18715752474963665
1,sgd,128,32,10,32,0.002,0.0,False,10000,0,128,5,20,7,50400,0.004098953097127378,0.11763516440987587
2,sgd,128,32,10,32,0.002,0.0,False,10000,0,128,5,20,8,50400,0.005277292104437947,0.2033539675176144
3,sgd,128,32,10,32,0.002,0.0,False,10000,0,128,5,20,9,50400,0.0047024230007082215,0.19091622531414032
4,sgd,128,32,10,32,0.002,0.0,False,10000,0,128,5,20,10,50400,0.0042823373805731535,0.1482317801564932
5,sgd,128,32,10,32,0.002,0.0,False,10000,0,128,5,20,11,50400,0.005192266777157784,0.20988671481609344
6,sgd,128,32,10,32,0.002,0.0,False,10000,0,128,5,20,12,50400,0.004617578873876482,0.1652602143585682
7,sgd,128,32,10,32,0.002,0.0,False,10000,0,128,5,20,13,50400,0.00456829322502017,0.17349338345229626
8,sgd,128,32,10,32,0.002,0.0,False,10000,0,128,5,20,14,50400,0.005009345943108201,0.20114385522902006
9,sgd,128,32,10,32,0.002,0.0,False,10000,0,128,5,20,15,50400,0.004455282003618778,0.13152832351624966
10,sgd,128,32,10,32,0.002,0.0,False,10000,0,128,5,20,16,50400,0.005014214897528291,0.2033868134021759
11,sgd,128,32,10,32,0.002,0.0,False,10000,0,128,5,20,17,50400,0.0047398588503710926,0.1822313442826271
12,sgd,128,32,10,32,0.002,0.0,False,10000,0,128,5,20,18,50400,0.005061004310846329,0.18257470428943634
13,sgd,128,32,10,32,0.002,0.0,False,10000,0,128,5,20,19,50400,0.004292169876862317,0.13777759671211245
14,sgd,128,32,10,32,0.002,0.0,False,10000,0,128,5,20,20,50400,0.004432351212017238,0.1812144983559847
15,sgd,128,32,10,32,0.002,0.0,False,10000,0,128,5,20,21,50400,0.004936075769364835,0.2179599367082119
16,sgd,128,32,10,32,0.002,0.0,False,10000,0,128,5,20,22,50400,0.004877493833191693,0.17671401426196098
17,sgd,128,32,10,32,0.002,0.0,False,10000,0,128,5,20,23,50400,0.00558806338813156,0.2319481056183577
18,sgd,128,32,10,32,0.002,0.0,False,10000,0,128,5,20,24,50400,0.00404453236842528,0.11651903297752142
19,sgd,128,32,10,32,0.002,0.0,False,10000,0,128,5,20,25,50400,0.004503920266870409,0.1734443474560976
0,gd,128,32,1,32,0.002,0.9,False,10000,0,128,5,20,6,300,7.166144760928361e-11,7.770688953412376e-11
1,gd,128,32,1,32,0.002,0.9,False,10000,0,128,5,20,7,300,2.218232021677924e-11,4.8395773499798616e-11
2,gd,128,32,1,32,0.002,0.9,False,10000,0,128,5,20,8,300,5.288967042105241e-10,7.486800623901503e-10
3,gd,128,32,1,32,0.002,0.9,False,10000,0,128,5,20,9,50400,117.74485778808594,1021.0126342773438
4,gd,128,32,1,32,0.002,0.9,False,10000,0,128,5,20,10,50400,155.03070068359375,605.3861694335938
5,gd,128,32,1,32,0.002,0.9,False,10000,0,128,5,20,11,300,2.253093198123501e-11,7.153876796506253e-11
6,gd,128,32,1,32,0.002,0.9,False,10000,0,128,5,20,12,300,4.9165806842443865e-11,1.625230644508591e-10
7,gd,128,32,1,32,0.002,0.9,False,10000,0,128,5,20,13,300,1.5811660314390963e-10,1.904369995031629e-10
8,gd,128,32,1,32,0.002,0.9,False,10000,0,128,5,20,14,300,2.7428609730706377e-11,5.34773197946592e-11
9,gd,128,32,1,32,0.002,0.9,False,10000,0,128,5,20,15,300,4.420442484276421e-11,5.3015317830196196e-11
10,gd,128,32,1,32,0.002,0.9,False,10000,0,128,5,20,16,300,3.248744606665355e-10,7.628874754139757e-10
11,gd,128,32,1,32,0.002,0.9,False,10000,0,128,5,20,17,300,1.814022022872397e-11,3.5267313375220155e-11
12,gd,128,32,1,32,0.002,0.9,False,10000,0,128,5,20,18,300,9.737122913522356e-11,1.9851853494401442e-10
13,gd,128,32,1,32,0.002,0.9,False,10000,0,128,5,20,19,50400,69.54790496826172,627.183349609375
14,gd,128,32,1,32,0.002,0.9,False,10000,0,128,5,20,20,50400,79.46597290039062,597.5484619140625
15,gd,128,32,1,32,0.002,0.9,False,10000,0,128,5,20,21,300,3.750127292034833e-11,7.96461022134487e-11
16,gd,128,32,1,32,0.002,0.9,False,10000,0,128,5,20,22,50400,137.93885803222656,597.8040161132812
17,gd,128,32,1,32,0.002,0.9,False,10000,0,128,5,20,23,300,1.53922308926413e-11,4.8709099254029547e-11
18,gd,128,32,1,32,0.002,0.9,False,10000,0,128,5,20,24,300,1.8771290077879147e-11,5.357355184476554e-11
19,gd,128,32,1,32,0.002,0.9,False,10000,0,128,5,20,25,300,4.97610494476497e-11,6.013081699229872e-11
0,sgd,256,32,32,32,0.002,0.9,False,10000,0,256,5,20,6,50400,4.751138021674706e-05,0.000314991442792234
1,sgd,256,32,32,32,0.002,0.9,False,10000,0,256,5,20,7,50400,4.905575997327105e-05,0.0003378196634002961
2,sgd,256,32,32,32,0.002,0.9,False,10000,0,256,5,20,8,50400,4.809820393347764e-05,0.00032646777617628686
3,sgd,256,32,32,32,0.002,0.9,False,10000,0,256,5,20,9,50400,4.907527090836084e-05,0.00033303363670711406
4,sgd,256,32,32,32,0.002,0.9,False,10000,0,256,5,20,10,50400,4.874974001722876e-05,0.0003430676370044239
5,sgd,256,32,32,32,0.002,0.9,False,10000,0,256,5,20,11,50400,4.97917212669563e-05,0.00034645390769583173
6,sgd,256,32,32,32,0.002,0.9,False,10000,0,256,5,20,12,50400,4.952523750034743e-05,0.0003476900201349053
7,sgd,256,32,32,32,0.002,0.9,False,10000,0,256,5,20,13,50400,4.9627074986347e-05,0.00033441820596635813
8,sgd,256,32,32,32,0.002,0.9,False,10000,0,256,5,20,14,50400,4.7808594899834134e-05,0.0003267682950536255
9,sgd,256,32,32,32,0.002,0.9,False,10000,0,256,5,20,15,50400,4.829118779525743e-05,0.00032859863313206006
10,sgd,256,32,32,32,0.002,0.9,False,10000,0,256,5,20,16,50400,4.844350542043685e-05,0.00032820337582961656
11,sgd,256,32,32,32,0.002,0.9,False,10000,0,256,5,20,17,50400,4.971176531398669e-05,0.00033895067826961167
12,sgd,256,32,32,32,0.002,0.9,False,10000,0,256,5,20,18,50400,4.88429723191075e-05,0.00032796323648653924
13,sgd,256,32,32,32,0.002,0.9,False,10000,0,256,5,20,19,50400,4.94771552439488e-05,0.00034860765663324855
14,sgd,256,32,32,32,0.002,0.9,False,10000,0,256,5,20,20,50400,4.9682534609019065e-05,0.0003432609264564235
15,sgd,256,32,32,32,0.002,0.9,False,10000,0,256,5,20,21,50400,4.840415476792259e-05,0.00032027732413553167
16,sgd,256,32,32,32,0.002,0.9,False,10000,0,256,5,20,22,50400,4.964085019310005e-05,0.00033978601277340204
17,sgd,256,32,32,32,0.002,0.9,False,10000,0,256,5,20,23,50400,4.80287517348188e-05,0.00032078342337626964
18,sgd,256,32,32,32,0.002,0.9,False,10000,0,256,5,20,24,50400,4.880226515524555e-05,0.00032580036713625304
19,sgd,256,32,32,32,0.002,0.9,False,10000,0,256,5,20,25,50400,5.148752279637847e-05,0.0003580487427825574
0,gd,256,32,32,32,0.0005,0.0,False,20000,0,256,5,20,6,100800,0.1020985096693039,0.536693274974823
1,gd,256,32,32,32,0.0005,0.0,False,20000,0,256,5,20,7,100800,0.10685963928699492,0.5949022769927979
2,gd,256,32,32,32,0.0005,0.0,False,20000,0,256,5,20,8,100800,0.1037117838859558,0.571955144405365
3,gd,256,32,32,32,0.0005,0.0,False,20000,0,256,5,20,9,100800,0.11121129244565964,0.6252866983413696
4,gd,256,32,32,32,0.0005,0.0,False,20000,0,256,5,20,10,100800,0.10328153520822524,0.5978231430053711
5,gd,256,32,32,32,0.0005,0.0,False,20000,0,256,5,20,11,100800,0.10901819169521333,0.6166861057281494
6,gd,256,32,32,32,0.0005,0.0,False,20000,0,256,5,20,12,100800,0.11090486496686937,0.6533832550048828
7,gd,256,32,32,32,0.0005,0.0,False,20000,0,256,5,20,13,100800,0.11114760488271712,0.5983017086982727
8,gd,256,32,32,32,0.0005,0.0,False,20000,0,256,5,20,14,100800,0.09917717427015303,0.5343393683433533
9,gd,256,32,32,32,0.0005,0.0,False,20000,0,256,5,20,15,100800,0.1040494441986084,0.5589760541915894
10,gd,256,32,32,32,0.0005,0.0,False,20000,0,256,5,20,16,100800,0.10541131347417833,0.572269082069397
11,gd,256,32,32,32,0.0005,0.0,False,20000,0,256,5,20,17,100800,0.11060608923435213,0.6230928897857666
12,gd,256,32,32,32,0.0005,0.0,False,20000,0,256,5,20,18,100800,0.104085773229599,0.558754563331604
13,gd,256,32,32,32,0.0005,0.0,False,20000,0,256,5,20,19,100800,0.10700181126594543,0.5974994897842407
14,gd,256,32,32,32,0.0005,0.0,False,20000,0,256,5,20,20,100800,0.10724055767059326,0.5984120965003967
15,gd,256,32,32,32,0.0005,0.0,False,20000,0,256,5,20,21,100800,0.10561254620552064,0.5530872344970703
16,gd,256,32,32,32,0.0005,0.0,False,20000,0,256,5,20,22,100800,0.11021162569522858,0.6138431429862976
17,gd,256,32,32,32,0.0005,0.0,False,20000,0,256,5,20,23,100800,0.10529414564371108,0.5759167671203613
18,gd,256,32,32,32,0.0005,0.0,False,20000,0,256,5,20,24,100800,0.10512639582157136,0.5650002360343933
19,gd,256,32,32,32,0.0005,0.0,False,20000,0,256,5,20,25,100800,0.11840765178203586,0.690255343914032
0,gd,256,32,1,32,0.0005,0.9,False,20000,0,256,5,20,6,300,9.438375081494144e-11,1.1191571280821933e-10
1,gd,256,32,1,32,0.0005,0.9,False,20000,0,256,5,20,7,300,7.518563549524515e-11,9.280052420956864e-11
2,gd,256,32,1,32,0.0005,0.9,False,20000,0,256,5,20,8,300,6.342779079737682e-11,9.049391097581959e-11
3,gd,256,32,1,32,0.0005,0.9,False,20000,0,256,5,20,9,300,9.626145019980824e-11,1.4906273437809148e-10
4,gd,256,32,1,32,0.0005,0.9,False,20000,0,256,5,20,10,300,1.0104615061345969e-10,1.6855117301872724e-10
5,gd,256,32,1,32,0.0005,0.9,False,20000,0,256,5,20,11,300,5.4208363492458395e-11,7.941598073601952e-11
6,gd,256,32,1,32,0.0005,0.9,False,20000,0,256,5,20,12,300,1.1891856943613277e-10,1.0706309450103645e-10
7,gd,256,32,1,32,0.0005,0.9,False,20000,0,256,5,20,13,300,6.918281919565672e-11,9.22245266266053e-11
8,gd,256,32,1,32,0.0005,0.9,False,20000,0,256,5,20,14,300,7.334503143718862e-11,9.756620511502943e-11
9,gd,256,32,1,32,0.0005,0.9,False,20000,0,256,5,20,15,300,6.786160522409546e-11,1.2610083810482564e-10
10,gd,256,32,1,32,0.0005,0.9,False,20000,0,256,5,20,16,300,5.212932308040763e-10,6.874850688731726e-10
11,gd,256,32,1,32,0.0005,0.9,False,20000,0,256,5,20,17,300,6.523874496178195e-11,8.765677766975344e-11
12,gd,256,32,1,32,0.0005,0.9,False,20000,0,256,5,20,18,300,5.13469475271755e-11,8.73979499882438e-11
13,gd,256,32,1,32,0.0005,0.9,False,20000,0,256,5,20,19,300,1.052006926016702e-09,1.0207069633949573e-09
14,gd,256,32,1,32,0.0005,0.9,False,20000,0,256,5,20,20,300,2.0710441694937745e-10,2.3219275113728344e-10
15,gd,256,32,1,32,0.0005,0.9,False,20000,0,256,5,20,21,300,5.6388019253894583e-11,1.1898149132605343e-10
16,gd,256,32,1,32,0.0005,0.9,False,20000,0,256,5,20,22,300,6.850041645023452e-10,5.461193719469293e-10
17,gd,256,32,1,32,0.0005,0.9,False,20000,0,256,5,20,23,300,6.071075586699948e-11,1.090102938472448e-10
18,gd,256,32,1,32,0.0005,0.9,False,20000,0,256,5,20,24,300,6.000729080302135e-11,1.1786795151014218e-10
19,gd,256,32,1,32,0.0005,0.9,False,20000,0,256,5,20,25,300,5.752367679412451e-11,1.099463714515636e-10
0,sgd,256,32,1,32,0.0005,0.0,False,20000,0,256,5,20,6,1000,6.957717291200538e-09,2.8826788511793214e-08
1,sgd,256,32,1,32,0.0005,0.0,False,20000,0,256,5,20,7,900,3.4378171143156773e-09,1.3784685060080903e-08
2,sgd,256,32,1,32,0.0005,0.0,False,20000,0,256,5,20,8,1000,3.1961139984604263e-09,1.3116998986983932e-08
3,sgd,256,32,1,32,0.0005,0.0,False,20000,0,256,5,20,9,1000,2.201056337192142e-09,8.346672519810028e-09
4,sgd,256,32,1,32,0.0005,0.0,False,20000,0,256,5,20,10,1000,9.06414032719738e-09,3.681046834014268e-08
5,sgd,256,32,1,32,0.0005,0.0,False,20000,0,256,5,20,11,1100,5.322497609316913e-09,2.1999530086525e-08
6,sgd,256,32,1,32,0.0005,0.0,False,20000,0,256,5,20,12,1100,2.979096219712929e-09,1.205238281398735e-08
7,sgd,256,32,1,32,0.0005,0.0,False,20000,0,256,5,20,13,1000,4.785267154749917e-09,1.976212593568505e-08
8,sgd,256,32,1,32,0.0005,0.0,False,20000,0,256,5,20,14,1000,3.6151129034767138e-09,1.413898964575111e-08
9,sgd,256,32,1,32,0.0005,0.0,False,20000,0,256,5,20,15,900,9.753960084069035e-09,3.823113225998043e-08
10,sgd,256,32,1,32,0.0005,0.0,False,20000,0,256,5,20,16,1100,2.8259460049806506e-09,1.1321975357247991e-08
11,sgd,256,32,1,32,0.0005,0.0,False,20000,0,256,5,20,17,1000,4.938927461450859e-09,2.045697355956833e-08
12,sgd,256,32,1,32,0.0005,0.0,False,20000,0,256,5,20,18,1100,4.009999526877195e-09,1.658321402420171e-08
13,sgd,256,32,1,32,0.0005,0.0,False,20000,0,256,5,20,19,1300,2.293225997984649e-09,8.668775308695588e-09
14,sgd,256,32,1,32,0.0005,0.0,False,20000,0,256,5,20,20,1100,7.772847532283578e-09,3.1898970576094143e-08
15,sgd,256,32,1,32,0.0005,0.0,False,20000,0,256,5,20,21,1000,4.6705280476455605e-09,1.8849647287488835e-08
16,sgd,256,32,1,32,0.0005,0.0,False,20000,0,256,5,20,22,1200,2.202984933363794e-09,8.658620709312004e-09
17,sgd,256,32,1,32,0.0005,0.0,False,20000,0,256,5,20,23,1000,8.904879056359505e-09,3.564023265401062e-08
18,sgd,256,32,1,32,0.0005,0.0,False,20000,0,256,5,20,24,1000,2.461108178364313e-09,9.560337965730524e-09
19,sgd,256,32,1,32,0.0005,0.0,False,20000,0,256,5,20,25,1100,2.5494990285590546e-09,1.0176174458642606e-08
0,gd,256,32,1,32,0.002,0.0,False,10000,0,256,5,20,6,300,8.378986393609011e-10,3.268685100366042e-09
1,gd,256,32,1,32,0.002,0.0,False,10000,0,256,5,20,7,300,1.3396354858752344e-10,4.523293406499817e-10
2,gd,256,32,1,32,0.002,0.0,False,10000,0,256,5,20,8,300,3.705145634746998e-10,1.2974290530820554e-09
3,gd,256,32,1,32,0.002,0.0,False,10000,0,256,5,20,9,300,2.530209375350978e-10,7.697572024234488e-10
4,gd,256,32,1,32,0.002,0.0,False,10000,0,256,5,20,10,300,1.1126942700556695e-09,4.301636824521894e-09
5,gd,256,32,1,32,0.002,0.0,False,10000,0,256,5,20,11,300,4.0146357349613035e-09,1.6116967316293085e-08
6,gd,256,32,1,32,0.002,0.0,False,10000,0,256,5,20,12,300,2.143734523230023e-09,8.602885515074377e-09
7,gd,256,32,1,32,0.002,0.0,False,10000,0,256,5,20,13,300,5.200159192142452e-10,2.1314257026006093e-09
8,gd,256,32,1,32,0.002,0.0,False,10000,0,256,5,20,14,300,3.5808359055700123e-10,1.4160209671487678e-09
9,gd,256,32,1,32,0.002,0.0,False,10000,0,256,5,20,15,300,2.1511170622545703e-10,5.884234766106998e-10
10,gd,256,32,1,32,0.002,0.0,False,10000,0,256,5,20,16,300,1.913881275683593e-09,7.685168945670284e-09
11,gd,256,32,1,32,0.002,0.0,False,10000,0,256,5,20,17,300,5.765959376624608e-10,2.2211739114652573e-09
12,gd,256,32,1,32,0.002,0.0,False,10000,0,256,5,20,18,300,2.941935584033217e-09,1.1617576234357328e-08
13,gd,256,32,1,32,0.002,0.0,False,10000,0,256,5,20,19,400,1.4629544797806202e-10,4.787782947879293e-10
14,gd,256,32,1,32,0.002,0.0,False,10000,0,256,5,20,20,300,7.1436687676396105e-09,2.8519863803921908e-08
15,gd,256,32,1,32,0.002,0.0,False,10000,0,256,5,20,21,300,6.353509940382197e-10,2.519944031220689e-09
16,gd,256,32,1,32,0.002,0.0,False,10000,0,256,5,20,22,400,1.2352265044146549e-10,4.06374794925668e-10
17,gd,256,32,1,32,0.002,0.0,False,10000,0,256,5,20,23,300,1.0802054806191563e-09,4.281584864429533e-09
18,gd,256,32,1,32,0.002,0.0,False,10000,0,256,5,20,24,300,2.3179953789753682e-10,6.219833537102204e-10
19,gd,256,32,1,32,0.002,0.0,False,10000,0,256,5,20,25,300,1.6946599679101837e-09,6.860185308710243e-09
0,gd,128,32,10,32,0.002,0.9,False,10000,0,128,5,20,6,50400,0.00027560704620555043,0.012786837294697763
1,gd,128,32,10,32,0.002,0.9,False,10000,0,128,5,20,7,50400,0.00026632685330696404,0.010595126077532768
2,gd,128,32,10,32,0.002,0.9,False,10000,0,128,5,20,8,50400,0.000291271397145465,0.013269413262605669
3,gd,128,32,10,32,0.002,0.9,False,10000,0,128,5,20,9,50400,0.00029665048350580037,0.013690699823200704
4,gd,128,32,10,32,0.002,0.9,False,10000,0,128,5,20,10,50400,0.0002613580145407468,0.011217722669243813
5,gd,128,32,10,32,0.002,0.9,False,10000,0,128,5,20,11,50400,0.0002965380263049156,0.01374382432550192
6,gd,128,32,10,32,0.002,0.9,False,10000,0,128,5,20,12,50400,0.0002683153434190899,0.011725336313247679
7,gd,128,32,10,32,0.002,0.9,False,10000,0,128,5,20,13,50400,0.00027901056455448264,0.012773776426911354
8,gd,128,32,10,32,0.002,0.9,False,10000,0,128,5,20,14,50400,0.00029111592448316514,0.013392545282840729
9,gd,128,32,10,32,0.002,0.9,False,10000,0,128,5,20,15,50400,0.00028485528309829533,0.011612952686846256
10,gd,128,32,10,32,0.002,0.9,False,10000,0,128,5,20,16,50400,0.00027527488418854773,0.013026723638176918
11,gd,128,32,10,32,0.002,0.9,False,10000,0,128,5,20,17,50400,0.00029391053249128163,0.013715880922973156
12,gd,128,32,10,32,0.002,0.9,False,10000,0,128,5,20,18,50400,0.00028883336926810443,0.012777399271726608
13,gd,128,32,10,32,0.002,0.9,False,10000,0,128,5,20,19,50400,0.0002756312896963209,0.011255021207034588
14,gd,128,32,10,32,0.002,0.9,False,10000,0,128,5,20,20,50400,0.00027690178831107914,0.013089895248413086
15,gd,128,32,10,32,0.002,0.9,False,10000,0,128,5,20,21,50400,0.00029641122091561556,0.014209125190973282
16,gd,128,32,10,32,0.002,0.9,False,10000,0,128,5,20,22,50400,0.00028349042986519635,0.012654940597712994
17,gd,128,32,10,32,0.002,0.9,False,10000,0,128,5,20,23,50400,0.00030016197706572717,0.01391591690480709
18,gd,128,32,10,32,0.002,0.9,False,10000,0,128,5,20,24,50400,0.00024613115238025784,0.009223077446222305
19,gd,128,32,10,32,0.002,0.9,False,10000,0,128,5,20,25,50400,0.00027089795912615955,0.012337157502770424
0,sgd,128,32,32,32,0.0005,0.0,False,20000,0,128,5,20,6,100800,0.11551960743963717,3.063936620950699
1,sgd,128,32,32,32,0.0005,0.0,False,20000,0,128,5,20,7,100800,0.1009514108300209,2.4438127875328064
2,sgd,128,32,32,32,0.0005,0.0,False,20000,0,128,5,20,8,100800,0.1180063672363758,3.2365873754024506
3,sgd,128,32,32,32,0.0005,0.0,False,20000,0,128,5,20,9,100800,0.12967232242226598,3.8217170238494873
4,sgd,128,32,32,32,0.0005,0.0,False,20000,0,128,5,20,10,100800,0.11304333433508873,3.0919800698757167
5,sgd,128,32,32,32,0.0005,0.0,False,20000,0,128,5,20,11,100800,0.11654156260192396,3.2842911779880524
6,sgd,128,32,32,32,0.0005,0.0,False,20000,0,128,5,20,12,100800,0.13658529706299305,3.977249801158905
7,sgd,128,32,32,32,0.0005,0.0,False,20000,0,128,5,20,13,100800,0.12443839758634567,3.7179638147354126
8,sgd,128,32,32,32,0.0005,0.0,False,20000,0,128,5,20,14,100800,0.11431260034441948,3.3124171793460846
9,sgd,128,32,32,32,0.0005,0.0,False,20000,0,128,5,20,15,100800,0.12746784836053848,3.5244579911231995
10,sgd,128,32,32,32,0.0005,0.0,False,20000,0,128,5,20,16,100800,0.12841740064322948,3.4676478803157806
11,sgd,128,32,32,32,0.0005,0.0,False,20000,0,128,5,20,17,100800,0.1404401045292616,4.237874150276183
12,sgd,128,32,32,32,0.0005,0.0,False,20000,0,128,5,20,18,100800,0.1401420496404171,3.866364985704422
13,sgd,128,32,32,32,0.0005,0.0,False,20000,0,128,5,20,19,100800,0.11903836764395236,3.18204128742218
14,sgd,128,32,32,32,0.0005,0.0,False,20000,0,128,5,20,20,100800,0.11834012530744074,3.3129336833953857
15,sgd,128,32,32,32,0.0005,0.0,False,20000,0,128,5,20,21,100800,0.12136194854974748,3.514007717370987
16,sgd,128,32,32,32,0.0005,0.0,False,20000,0,128,5,20,22,100800,0.13184313289821148,3.894673854112625
17,sgd,128,32,32,32,0.0005,0.0,False,20000,0,128,5,20,23,100800,0.12324308604002,3.4737847447395325
18,sgd,128,32,32,32,0.0005,0.0,False,20000,0,128,5,20,24,100800,0.12100694328546525,3.3784655332565308
19,sgd,128,32,32,32,0.0005,0.0,False,20000,0,128,5,20,25,100800,0.123877989128232,3.40150648355484
0,sgd,128,32,10,32,0.002,0.9,False,10000,0,128,5,20,6,50400,6.832235430920264e-05,0.003164764493703842
1,sgd,128,32,10,32,0.002,0.9,False,10000,0,128,5,20,7,50400,6.500914150819882e-05,0.0025206129939761013
2,sgd,128,32,10,32,0.002,0.9,False,10000,0,128,5,20,8,50400,7.2222657763632e-05,0.003272116911830381
3,sgd,128,32,10,32,0.002,0.9,False,10000,0,128,5,20,9,50400,7.334786550927674e-05,0.003392542101209983
4,sgd,128,32,10,32,0.002,0.9,False,10000,0,128,5,20,10,50400,6.471029428212205e-05,0.002758688700851053
5,sgd,128,32,10,32,0.002,0.9,False,10000,0,128,5,20,11,50400,7.359241317317354e-05,0.0034155143075622623
6,sgd,128,32,10,32,0.002,0.9,False,10000,0,128,5,20,12,50400,6.636345915467246e-05,0.002896568475989625
7,sgd,128,32,10,32,0.002,0.9,False,10000,0,128,5,20,13,50400,6.911078526172787e-05,0.0031546442769467826
8,sgd,128,32,10,32,0.002,0.9,False,10000,0,128,5,20,14,50400,7.225888748507714e-05,0.003320603165775537
9,sgd,128,32,10,32,0.002,0.9,False,10000,0,128,5,20,15,50400,7.035067392280325e-05,0.002837899170117453
10,sgd,128,32,10,32,0.002,0.9,False,10000,0,128,5,20,16,50400,6.826423486927524e-05,0.0032323775812983517
11,sgd,128,32,10,32,0.002,0.9,False,10000,0,128,5,20,17,50400,7.250215094245506e-05,0.003370170976268128
12,sgd,128,32,10,32,0.002,0.9,False,10000,0,128,5,20,18,50400,7.167450166889466e-05,0.0031464842322748154
13,sgd,128,32,10,32,0.002,0.9,False,10000,0,128,5,20,19,50400,6.772448523406638e-05,0.002725689206272364
14,sgd,128,32,10,32,0.002,0.9,False,10000,0,128,5,20,20,50400,6.859251516289078e-05,0.003234181640436873
15,sgd,128,32,10,32,0.002,0.9,False,10000,0,128,5,20,21,50400,7.36191141186282e-05,0.003531510679749772
16,sgd,128,32,10,32,0.002,0.9,False,10000,0,128,5,20,22,50400,7.038170133455424e-05,0.00313143857056275
17,sgd,128,32,10,32,0.002,0.9,False,10000,0,128,5,20,23,50400,7.48378724892973e-05,0.0034655187628231947
18,sgd,128,32,10,32,0.002,0.9,False,10000,0,128,5,20,24,50400,6.143910013634013e-05,0.002302013919688761
19,sgd,128,32,10,32,0.002,0.9,False,10000,0,128,5,20,25,50400,6.696643140458036e-05,0.003040264302399009
0,gd,256,32,32,32,0.0005,0.9,False,20000,0,256,5,20,6,100800,0.0014317790046334267,0.009215155616402626
1,gd,256,32,32,32,0.0005,0.9,False,20000,0,256,5,20,7,100800,0.0014916224172338846,0.010011119768023493
2,gd,256,32,32,32,0.0005,0.9,False,20000,0,256,5,20,8,100800,0.0014507363084703686,0.009572144597768784
3,gd,256,32,32,32,0.0005,0.9,False,20000,0,256,5,20,9,100800,0.001500339712947607,0.00994001980870962
4,gd,256,32,32,32,0.0005,0.9,False,20000,0,256,5,20,10,100800,0.001474061282351613,0.010163472965359688
5,gd,256,32,32,32,0.0005,0.9,False,20000,0,256,5,20,11,100800,0.0015134778805077074,0.01028387900441885
6,gd,256,32,32,32,0.0005,0.9,False,20000,0,256,5,20,12,100800,0.0015067034400999544,0.010372216813266277
7,gd,256,32,32,32,0.0005,0.9,False,20000,0,256,5,20,13,100800,0.0015093099791556597,0.009871078655123709
8,gd,256,32,32,32,0.0005,0.9,False,20000,0,256,5,20,14,100800,0.001436205697245896,0.009537773206830023
9,gd,256,32,32,32,0.0005,0.9,False,20000,0,256,5,20,15,100800,0.0014646982308477163,0.009652948006987572
10,gd,256,32,32,32,0.0005,0.9,False,20000,0,256,5,20,16,100800,0.0014658337458968165,0.00964601058512926
11,gd,256,32,32,32,0.0005,0.9,False,20000,0,256,5,20,17,100800,0.0015147255035117269,0.010059361346065998
12,gd,256,32,32,32,0.0005,0.9,False,20000,0,256,5,20,18,100800,0.0014716790756210685,0.009590009227395058
13,gd,256,32,32,32,0.0005,0.9,False,20000,0,256,5,20,19,100800,0.001497893244959414,0.01025242544710636
14,gd,256,32,32,32,0.0005,0.9,False,20000,0,256,5,20,20,100800,0.0015105470083653927,0.010162653401494026
15,gd,256,32,32,32,0.0005,0.9,False,20000,0,256,5,20,21,100800,0.0014636768028140068,0.009383026510477066
16,gd,256,32,32,32,0.0005,0.9,False,20000,0,256,5,20,22,100800,0.001510557602159679,0.010086346417665482
17,gd,256,32,32,32,0.0005,0.9,False,20000,0,256,5,20,23,100800,0.0014557510148733856,0.009475794620811941
18,gd,256,32,32,32,0.0005,0.9,False,20000,0,256,5,20,24,100800,0.001473129028454423,0.009545513428747654
19,gd,256,32,32,32,0.0005,0.9,False,20000,0,256,5,20,25,100800,0.0015782847767695785,0.010736763477325441
0,sgd,256,32,10,32,0.002,0.0,False,10000,0,256,5,20,6,50400,0.0003793491596297826,0.0024294561299029733
1,sgd,256,32,10,32,0.002,0.0,False,10000,0,256,5,20,7,50400,0.0003948443991248496,0.0024864986044121906
2,sgd,256,32,10,32,0.002,0.0,False,10000,0,256,5,20,8,50400,0.00039145944901974866,0.0026677922578528523
3,sgd,256,32,10,32,0.002,0.0,False,10000,0,256,5,20,9,50400,0.00041579568278393714,0.002669450812391005
4,sgd,256,32,10,32,0.002,0.0,False,10000,0,256,5,20,10,50400,0.0003710718083311804,0.0024861427082214504
5,sgd,256,32,10,32,0.002,0.0,False,10000,0,256,5,20,11,50400,0.0003753331075131428,0.0023413691960740834
6,sgd,256,32,10,32,0.002,0.0,False,10000,0,256,5,20,12,50400,0.00041811681148828933,0.003012536093592644
7,sgd,256,32,10,32,0.002,0.0,False,10000,0,256,5,20,13,50400,0.0003847750958811957,0.002269338132464327
8,sgd,256,32,10,32,0.002,0.0,False,10000,0,256,5,20,14,50400,0.00035781581391347567,0.002250393983558752
9,sgd,256,32,10,32,0.002,0.0,False,10000,0,256,5,20,15,50400,0.0003897327624144964,0.0025715435040183365
10,sgd,256,32,10,32,0.002,0.0,False,10000,0,256,5,20,16,50400,0.00040384380554314703,0.002554508857429028
11,sgd,256,32,10,32,0.002,0.0,False,10000,0,256,5,20,17,50400,0.0003882993223669473,0.00258533627493307
12,sgd,256,32,10,32,0.002,0.0,False,10000,0,256,5,20,18,50400,0.0003873483401548583,0.0026432061567902565
13,sgd,256,32,10,32,0.002,0.0,False,10000,0,256,5,20,19,50400,0.0003535599644237664,0.0021885578462388366
14,sgd,256,32,10,32,0.002,0.0,False,10000,0,256,5,20,20,50400,0.0003765399887925014,0.0024389718455495317
15,sgd,256,32,10,32,0.002,0.0,False,10000,0,256,5,20,21,50400,0.00039324892713921145,0.0025195203779730946
16,sgd,256,32,10,32,0.002,0.0,False,10000,0,256,5,20,22,50400,0.0003961176953453105,0.002599434825242497
17,sgd,256,32,10,32,0.002,0.0,False,10000,0,256,5,20,23,50400,0.0004083972489752341,0.002760046016192064
18,sgd,256,32,10,32,0.002,0.0,False,10000,0,256,5,20,24,50400,0.0003727725634234957,0.0021574721322394907
19,sgd,256,32,10,32,0.002,0.0,False,10000,0,256,5,20,25,50400,0.00041914806570275687,0.0027987591602141038
0,gd,256,32,1,32,0.0005,0.0,False,20000,0,256,5,20,6,1200,4.24495594231189e-09,1.5148886589599897e-08
1,gd,256,32,1,32,0.0005,0.0,False,20000,0,256,5,20,7,1000,5.050141638207606e-09,1.8452869454677057e-08
2,gd,256,32,1,32,0.0005,0.0,False,20000,0,256,5,20,8,1100,5.899152721866585e-09,2.2394893051114195e-08
3,gd,256,32,1,32,0.0005,0.0,False,20000,0,256,5,20,9,1100,4.175450651899837e-09,1.3351424854590732e-08
4,gd,256,32,1,32,0.0005,0.0,False,20000,0,256,5,20,10,1200,3.922255853439083e-09,1.4268281667284558e-08
5,gd,256,32,1,32,0.0005,0.0,False,20000,0,256,5,20,11,1200,8.435486975599815e-09,3.3526958986840334e-08
6,gd,256,32,1,32,0.0005,0.0,False,20000,0,256,5,20,12,1200,5.7367834926935765e-09,2.167949553211201e-08
7,gd,256,32,1,32,0.0005,0.0,False,20000,0,256,5,20,13,1100,7.317594086231337e-09,2.8555746212077796e-08
8,gd,256,32,1,32,0.0005,0.0,False,20000,0,256,5,20,14,1100,5.4303614938078235e-09,1.993083564855169e-08
9,gd,256,32,1,32,0.0005,0.0,False,20000,0,256,5,20,15,1100,3.789319080738096e-09,1.3380502039694875e-08
10,gd,256,32,1,32,0.0005,0.0,False,20000,0,256,5,20,16,1200,5.2955093643447534e-09,1.9804692996672202e-08
11,gd,256,32,1,32,0.0005,0.0,False,20000,0,256,5,20,17,1100,7.758295339499456e-09,3.096135969826719e-08
12,gd,256,32,1,32,0.0005,0.0,False,20000,0,256,5,20,18,1200,6.941580199537611e-09,2.6751745707542802e-08
13,gd,256,32,1,32,0.0005,0.0,False,20000,0,256,5,20,19,1400,4.624717053758332e-09,1.668487925599038e-08
14,gd,256,32,1,32,0.0005,0.0,False,20000,0,256,5,20,20,1300,4.136555986633539e-09,1.4952940219359334e-08
15,gd,256,32,1,32,0.0005,0.0,False,20000,0,256,5,20,21,1100,7.131087720324558e-09,2.8977686028497374e-08
16,gd,256,32,1,32,0.0005,0.0,False,20000,0,256,5,20,22,1300,4.5077745980393055e-09,1.677747363260096e-08
17,gd,256,32,1,32,0.0005,0.0,False,20000,0,256,5,20,23,1200,4.393568175942164e-09,1.5550021714716422e-08
18,gd,256,32,1,32,0.0005,0.0,False,20000,0,256,5,20,24,1100,4.13501188845089e-09,1.3985731683874292e-08
19,gd,256,32,1,32,0.0005,0.0,False,20000,0,256,5,20,25,1200,5.074601627796938e-09,1.8640808008285603e-08
0,gd,128,32,10,32,0.002,0.0,False,10000,0,128,5,20,6,50400,0.01913781650364399,0.7500549554824829
1,gd,128,32,10,32,0.002,0.0,False,10000,0,128,5,20,7,50400,0.01641368679702282,0.4715082347393036
2,gd,128,32,10,32,0.002,0.0,False,10000,0,128,5,20,8,50400,0.02112226001918316,0.8144703507423401
3,gd,128,32,10,32,0.002,0.0,False,10000,0,128,5,20,9,50400,0.018826751038432118,0.7648112773895264
4,gd,128,32,10,32,0.002,0.0,False,10000,0,128,5,20,10,50400,0.017145842313766483,0.5940369367599487
5,gd,128,32,10,32,0.002,0.0,False,10000,0,128,5,20,11,50400,0.020784389227628708,0.8405659794807434
6,gd,128,32,10,32,0.002,0.0,False,10000,0,128,5,20,12,50400,0.018488559871912003,0.6620717048645021
7,gd,128,32,10,32,0.002,0.0,False,10000,0,128,5,20,13,50400,0.0182864423841238,0.6948968768119812
8,gd,128,32,10,32,0.002,0.0,False,10000,0,128,5,20,14,50400,0.020049884915351868,0.8057784438133241
9,gd,128,32,10,32,0.002,0.0,False,10000,0,128,5,20,15,50400,0.017830174416303638,0.5264502763748169
10,gd,128,32,10,32,0.002,0.0,False,10000,0,128,5,20,16,50400,0.020067721605300903,0.8145238757133484
11,gd,128,32,10,32,0.002,0.0,False,10000,0,128,5,20,17,50400,0.018977709114551544,0.7304190397262573
12,gd,128,32,10,32,0.002,0.0,False,10000,0,128,5,20,18,50400,0.0202576257288456,0.7312520146369934
13,gd,128,32,10,32,0.002,0.0,False,10000,0,128,5,20,19,50400,0.017185509204864502,0.5521664023399353
14,gd,128,32,10,32,0.002,0.0,False,10000,0,128,5,20,20,50400,0.01774103194475174,0.7256248593330383
15,gd,128,32,10,32,0.002,0.0,False,10000,0,128,5,20,21,50400,0.01975748874247074,0.8729231953620911
16,gd,128,32,10,32,0.002,0.0,False,10000,0,128,5,20,22,50400,0.019528592005372047,0.7080523371696472
17,gd,128,32,10,32,0.002,0.0,False,10000,0,128,5,20,23,50400,0.022367311641573902,0.929121732711792
18,gd,128,32,10,32,0.002,0.0,False,10000,0,128,5,20,24,50400,0.01618936844170094,0.4667243957519531
19,gd,128,32,10,32,0.002,0.0,False,10000,0,128,5,20,25,50400,0.018030067905783653,0.6949106454849243
0,gd,128,32,10,32,0.0005,0.9,False,20000,0,128,5,20,6,100800,0.0010121898958459496,0.045381009578704834
1,gd,128,32,10,32,0.0005,0.9,False,20000,0,128,5,20,7,100800,0.00093709584325552,0.034069012850522995
2,gd,128,32,10,32,0.0005,0.9,False,20000,0,128,5,20,8,100800,0.0010873617138713598,0.04790980741381645
3,gd,128,32,10,32,0.0005,0.9,False,20000,0,128,5,20,9,100800,0.0010773822432383897,0.048902742564678185
4,gd,128,32,10,32,0.0005,0.9,False,20000,0,128,5,20,10,100800,0.0009453463135287166,0.03875329717993736
5,gd,128,32,10,32,0.0005,0.9,False,20000,0,128,5,20,11,100800,0.0011018612422049048,0.05002206191420555
6,gd,128,32,10,32,0.0005,0.9,False,20000,0,128,5,20,12,100800,0.0009732752805575726,0.04084277525544167
7,gd,128,32,10,32,0.0005,0.9,False,20000,0,128,5,20,13,100800,0.0010173681657761335,0.044998753815889365
8,gd,128,32,10,32,0.0005,0.9,False,20000,0,128,5,20,14,100800,0.001076432061381638,0.04842773824930191
9,gd,128,32,10,32,0.0005,0.9,False,20000,0,128,5,20,15,100800,0.0010234108194708824,0.038742005825042725
10,gd,128,32,10,32,0.0005,0.9,False,20000,0,128,5,20,16,100800,0.0010185899445787072,0.04703805595636368
11,gd,128,32,10,32,0.0005,0.9,False,20000,0,128,5,20,17,100800,0.0010704743908718226,0.04836016148328781
12,gd,128,32,10,32,0.0005,0.9,False,20000,0,128,5,20,18,100800,0.001068863202817738,0.045355714857578285
13,gd,128,32,10,32,0.0005,0.9,False,20000,0,128,5,20,19,100800,0.0009880339493975043,0.03798926994204521
14,gd,128,32,10,32,0.0005,0.9,False,20000,0,128,5,20,20,100800,0.001011299667879939,0.0465717762708664
15,gd,128,32,10,32,0.0005,0.9,False,20000,0,128,5,20,21,100800,0.0010970663279294968,0.05221901088953018
16,gd,128,32,10,32,0.0005,0.9,False,20000,0,128,5,20,22,100800,0.0010427144588902593,0.04473229870200157
17,gd,128,32,10,32,0.0005,0.9,False,20000,0,128,5,20,23,100800,0.0011360342614352705,0.05172712355852127
18,gd,128,32,10,32,0.0005,0.9,False,20000,0,128,5,20,24,100800,0.0008933692588470877,0.03149345889687538
19,gd,128,32,10,32,0.0005,0.9,False,20000,0,128,5,20,25,100800,0.0009949360974133015,0.04390405863523483
0,sgd,128,32,1,32,0.0005,0.9,False,20000,0,128,5,20,6,100800,39.13586187362671,200.98712158203125
1,sgd,128,32,1,32,0.0005,0.9,False,20000,0,128,5,20,7,400,5.456126328517996e-09,6.103937799650794e-08
2,sgd,128,32,1,32,0.0005,0.9,False,20000,0,128,5,20,8,400,8.575706145208528e-09,7.300392201869954e-08
3,sgd,128,32,1,32,0.0005,0.9,False,20000,0,128,5,20,9,100800,29.635213375091553,254.86578369140625
4,sgd,128,32,1,32,0.0005,0.9,False,20000,0,128,5,20,10,100800,38.963813304901116,151.29212188720703
5,sgd,128,32,1,32,0.0005,0.9,False,20000,0,128,5,20,11,500,9.204434991971766e-10,8.668198492323143e-09
6,sgd,128,32,1,32,0.0005,0.9,False,20000,0,128,5,20,12,700,8.260211820099173e-10,6.772111704744788e-09
7,sgd,128,32,1,32,0.0005,0.9,False,20000,0,128,5,20,13,500,7.701220217093407e-10,8.309618326762802e-09
8,sgd,128,32,1,32,0.0005,0.9,False,20000,0,128,5,20,14,500,9.13818520853482e-10,9.839529302446692e-09
9,sgd,128,32,1,32,0.0005,0.9,False,20000,0,128,5,20,15,400,7.862422046756025e-09,6.971107335829173e-08
10,sgd,128,32,1,32,0.0005,0.9,False,20000,0,128,5,20,16,900,9.619345736622265e-10,7.415628555662578e-09
11,sgd,128,32,1,32,0.0005,0.9,False,20000,0,128,5,20,17,400,7.344934591091422e-10,6.9899922516825094e-09
12,sgd,128,32,1,32,0.0005,0.9,False,20000,0,128,5,20,18,500,1.9817097685059792e-09,1.8337492413422748e-08
13,sgd,128,32,1,32,0.0005,0.9,False,20000,0,128,5,20,19,100800,17.456257581710815,156.7582588195801
14,sgd,128,32,1,32,0.0005,0.9,False,20000,0,128,5,20,20,100800,19.950580596923828,149.1904335021973
15,sgd,128,32,1,32,0.0005,0.9,False,20000,0,128,5,20,21,400,4.634708616890748e-09,4.165915834519752e-08
16,sgd,128,32,1,32,0.0005,0.9,False,20000,0,128,5,20,22,100800,34.65845727920532,149.46141815185547
17,sgd,128,32,1,32,0.0005,0.9,False,20000,0,128,5,20,23,400,3.2183845588562576e-09,2.9538772317039275e-08
18,sgd,128,32,1,32,0.0005,0.9,False,20000,0,128,5,20,24,400,2.3476273147693405e-09,1.3158985678884959e-08
19,sgd,128,32,1,32,0.0005,0.9,False,20000,0,128,5,20,25,500,7.542070717958538e-10,7.033190918548371e-09
0,sgd,256,32,32,32,0.0005,0.9,False,20000,0,256,5,20,6,100800,0.0001776836761564482,0.0011364421079633755
1,sgd,256,32,32,32,0.0005,0.9,False,20000,0,256,5,20,7,100800,0.00018449567505740558,0.0012345504073891787
2,sgd,256,32,32,32,0.0005,0.9,False,20000,0,256,5,20,8,100800,0.00018056816952594093,0.001189745256851893
3,sgd,256,32,32,32,0.0005,0.9,False,20000,0,256,5,20,9,100800,0.0001872028915386181,0.0012413246149662882
4,sgd,256,32,32,32,0.0005,0.9,False,20000,0,256,5,20,10,100800,0.00018247614752908703,0.001254853734280914
5,sgd,256,32,32,32,0.0005,0.9,False,20000,0,256,5,20,11,100800,0.00018848874969989995,0.0012754144045175053
0,sgd,128,32,1,32,0.002,0.0,False,10000,0,128,5,20,6,50400,39.78548526763915,199.69669723510742
1,sgd,128,32,1,32,0.002,0.0,False,10000,0,128,5,20,7,1100,2.400200732610713e-09,2.6257808816154693e-08
2,sgd,128,32,1,32,0.002,0.0,False,10000,0,128,5,20,8,1100,4.138433595812785e-09,4.4136670318550835e-08
3,sgd,128,32,1,32,0.002,0.0,False,10000,0,128,5,20,9,50400,30.34457635879517,253.19046974182132
4,sgd,128,32,1,32,0.002,0.0,False,10000,0,128,5,20,10,50400,32.85322523117065,273.2493152618408
5,sgd,128,32,1,32,0.002,0.0,False,10000,0,128,5,20,11,1200,2.521744674188753e-09,2.5565239258895645e-08
6,sgd,128,32,1,32,0.002,0.0,False,10000,0,128,5,20,12,1600,2.3665832071806388e-09,1.9183181931836657e-08
7,sgd,128,32,1,32,0.002,0.0,False,10000,0,128,5,20,13,1100,4.1304265008257354e-09,4.852831558821436e-08
8,sgd,128,32,1,32,0.002,0.0,False,10000,0,128,5,20,14,1200,2.5856650709421562e-09,2.888280503654528e-08
9,sgd,128,32,1,32,0.002,0.0,False,10000,0,128,5,20,15,900,6.505732841333156e-09,5.711681527742485e-08
10,sgd,128,32,1,32,0.002,0.0,False,10000,0,128,5,20,16,2000,6.863907331400298e-09,4.8950838937855685e-08
11,sgd,128,32,1,32,0.002,0.0,False,10000,0,128,5,20,17,900,4.101618711338517e-09,3.4266447901387664e-08
12,sgd,128,32,1,32,0.002,0.0,False,10000,0,128,5,20,18,1200,3.4202471410615942e-09,3.4119540082144795e-08
13,sgd,128,32,1,32,0.002,0.0,False,10000,0,128,5,20,19,50400,17.69785070419311,156.65637588500974
14,sgd,128,32,1,32,0.002,0.0,False,10000,0,128,5,20,20,50400,20.25057911872864,149.04325294494632
15,sgd,128,32,1,32,0.002,0.0,False,10000,0,128,5,20,21,1100,5.081565279674294e-09,4.87582054731206e-08
16,sgd,128,32,1,32,0.002,0.0,False,10000,0,128,5,20,22,50400,35.283953666687005,149.30309867858887
17,sgd,128,32,1,32,0.002,0.0,False,10000,0,128,5,20,23,1000,8.959681885301052e-09,9.085130692199073e-08
18,sgd,128,32,1,32,0.002,0.0,False,10000,0,128,5,20,24,1000,3.783253821332266e-09,2.2606495120314207e-08
19,sgd,128,32,1,32,0.002,0.0,False,10000,0,128,5,20,25,1100,4.365308226006448e-09,4.6197345504594984e-08
0,sgd,256,32,10,32,0.0005,0.9,False,20000,0,256,5,20,6,100800,1.7991317008636546e-05,0.00012345141112746202
1,sgd,256,32,10,32,0.0005,0.9,False,20000,0,256,5,20,7,100800,1.8229791521662264e-05,0.0001224841453222325
2,sgd,256,32,10,32,0.0005,0.9,False,20000,0,256,5,20,8,100800,1.8483376152289566e-05,0.0001343173389614094
3,sgd,256,32,10,32,0.0005,0.9,False,20000,0,256,5,20,9,100800,1.935781165229855e-05,0.00013475269406626467
4,sgd,256,32,10,32,0.0005,0.9,False,20000,0,256,5,20,10,100800,1.7979672406909227e-05,0.00012995788256375818
5,sgd,256,32,10,32,0.0005,0.9,False,20000,0,256,5,20,11,100800,1.8123098584510448e-05,0.0001249370579898823
6,sgd,256,32,10,32,0.0005,0.9,False,20000,0,256,5,20,12,100800,1.9100465806332068e-05,0.00014340660709422082
7,sgd,256,32,10,32,0.0005,0.9,False,20000,0,256,5,20,13,100800,1.8801283772518215e-05,0.00012263363441888941
8,sgd,256,32,10,32,0.0005,0.9,False,20000,0,256,5,20,14,100800,1.704862552287523e-05,0.00011687948244798464
9,sgd,256,32,10,32,0.0005,0.9,False,20000,0,256,5,20,15,100800,1.8812248526955955e-05,0.00013463788127410228
10,sgd,256,32,10,32,0.0005,0.9,False,20000,0,256,5,20,16,100800,1.874215172392724e-05,0.00012679923202085774
11,sgd,256,32,10,32,0.0005,0.9,False,20000,0,256,5,20,17,100800,1.8498384633858226e-05,0.00012971963406016584
12,sgd,256,32,10,32,0.0005,0.9,False,20000,0,256,5,20,18,100800,1.8405887885819542e-05,0.0001332235560767003
13,sgd,256,32,10,32,0.0005,0.9,False,20000,0,256,5,20,19,100800,1.7503666640550367e-05,0.0001227345373990829
14,sgd,256,32,10,32,0.0005,0.9,False,20000,0,256,5,20,20,100800,1.8220068341179285e-05,0.00012918501943204322
15,sgd,256,32,10,32,0.0005,0.9,False,20000,0,256,5,20,21,100800,1.8879454614761926e-05,0.00013011200644541535
16,sgd,256,32,10,32,0.0005,0.9,False,20000,0,256,5,20,22,100800,1.8755596329356194e-05,0.00013301546096045058
17,sgd,256,32,10,32,0.0005,0.9,False,20000,0,256,5,20,23,100800,1.8469584574631878e-05,0.00013089993353787577
18,sgd,256,32,10,32,0.0005,0.9,False,20000,0,256,5,20,24,100800,1.7850043604994426e-05,0.00011572412768146023
19,sgd,256,32,10,32,0.0005,0.9,False,20000,0,256,5,20,25,100800,1.966687091226049e-05,0.00013958485305920476
0,sgd,128,32,32,32,0.0005,0.9,False,20000,0,128,5,20,6,100800,0.00227187541895546,0.09026857279241084
1,sgd,128,32,32,32,0.0005,0.9,False,20000,0,128,5,20,7,100800,0.0021162638149689887,0.08197090309113264
2,sgd,128,32,32,32,0.0005,0.9,False,20000,0,128,5,20,8,100800,0.002345801156479865,0.0946983527392149
3,sgd,128,32,32,32,0.0005,0.9,False,20000,0,128,5,20,9,100800,0.0024296334013342857,0.1019109059125185
4,sgd,128,32,32,32,0.0005,0.9,False,20000,0,128,5,20,10,100800,0.0022823699982836843,0.091111583635211
5,sgd,128,32,32,32,0.0005,0.9,False,20000,0,128,5,20,11,100800,0.0023743126075714827,0.09602027386426926
6,sgd,128,32,32,32,0.0005,0.9,False,20000,0,128,5,20,12,100800,0.0024244514643214643,0.09903996996581554
7,sgd,128,32,32,32,0.0005,0.9,False,20000,0,128,5,20,13,100800,0.002356135752052069,0.1017590994015336
8,sgd,128,32,32,32,0.0005,0.9,False,20000,0,128,5,20,14,100800,0.002373321622144431,0.09796436410397293
9,sgd,128,32,32,32,0.0005,0.9,False,20000,0,128,5,20,15,100800,0.0024707793490961194,0.09985471330583097
10,sgd,128,32,32,32,0.0005,0.9,False,20000,0,128,5,20,16,100800,0.0023442492238245904,0.09593417681753637
11,sgd,128,32,32,32,0.0005,0.9,False,20000,0,128,5,20,17,100800,0.0025758147530723363,0.10956284683197737
12,sgd,128,32,32,32,0.0005,0.9,False,20000,0,128,5,20,18,100800,0.002467153855832293,0.09853832330554724
13,sgd,128,32,32,32,0.0005,0.9,False,20000,0,128,5,20,19,100800,0.002294801262905821,0.09095609933137894
14,sgd,128,32,32,32,0.0005,0.9,False,20000,0,128,5,20,20,100800,0.0023216330155264586,0.09649310819804667
15,sgd,128,32,32,32,0.0005,0.9,False,20000,0,128,5,20,21,100800,0.002376797201577574,0.09888379648327827
16,sgd,128,32,32,32,0.0005,0.9,False,20000,0,128,5,20,22,100800,0.002496979432180524,0.10300364065915346
17,sgd,128,32,32,32,0.0005,0.9,False,20000,0,128,5,20,23,100800,0.002427682338748127,0.09743250161409378
18,sgd,128,32,32,32,0.0005,0.9,False,20000,0,128,5,20,24,100800,0.002406629326287657,0.09774558898061514
19,sgd,128,32,32,32,0.0005,0.9,False,20000,0,128,5,20,25,100800,0.0023051163880154486,0.0960569567978382
0,gd,256,32,10,32,0.0005,0.9,False,20000,0,256,5,20,6,100800,0.00014845370606053618,0.0010340787703171372
1,gd,256,32,10,32,0.0005,0.9,False,20000,0,256,5,20,7,100800,0.00014924802235327658,0.0010128454305231571
2,gd,256,32,10,32,0.0005,0.9,False,20000,0,256,5,20,8,100800,0.00015156407607719302,0.0011123778531327844
3,gd,256,32,10,32,0.0005,0.9,False,20000,0,256,5,20,9,100800,0.0001561275275889784,0.0010995438788086176
4,gd,256,32,10,32,0.0005,0.9,False,20000,0,256,5,20,10,100800,0.0001453967415727675,0.0010588732548058033
5,gd,256,32,10,32,0.0005,0.9,False,20000,0,256,5,20,11,100800,0.00014589825877919793,0.0010167127475142481
6,gd,256,32,10,32,0.0005,0.9,False,20000,0,256,5,20,12,100800,0.00015291910676751286,0.0011493696365505455
7,gd,256,32,10,32,0.0005,0.9,False,20000,0,256,5,20,13,100800,0.00014995680248830467,0.0009945228230208158
8,gd,256,32,10,32,0.0005,0.9,False,20000,0,256,5,20,14,100800,0.000138981340569444,0.0009652168373577297
9,gd,256,32,10,32,0.0005,0.9,False,20000,0,256,5,20,15,100800,0.00015165939112193882,0.0010981365339830518
10,gd,256,32,10,32,0.0005,0.9,False,20000,0,256,5,20,16,100800,0.00014986058522481469,0.0010180063545703886
11,gd,256,32,10,32,0.0005,0.9,False,20000,0,256,5,20,17,100800,0.00014889671001583338,0.0010556039633229377
12,gd,256,32,10,32,0.0005,0.9,False,20000,0,256,5,20,18,100800,0.00015064835315570238,0.0011038681259378789
13,gd,256,32,10,32,0.0005,0.9,False,20000,0,256,5,20,19,100800,0.00014149949129205194,0.0010082832304760814
14,gd,256,32,10,32,0.0005,0.9,False,20000,0,256,5,20,20,100800,0.00014769320841878653,0.0010531659936532376
15,gd,256,32,10,32,0.0005,0.9,False,20000,0,256,5,20,21,100800,0.00015071364759933203,0.001039974158629775
16,gd,256,32,10,32,0.0005,0.9,False,20000,0,256,5,20,22,100800,0.00015064171748235822,0.0010701174614951017
17,gd,256,32,10,32,0.0005,0.9,False,20000,0,256,5,20,23,100800,0.00015088461805135012,0.0010780598968267439
18,gd,256,32,10,32,0.0005,0.9,False,20000,0,256,5,20,24,100800,0.00014522607671096918,0.0009479661821387707
19,gd,256,32,10,32,0.0005,0.9,False,20000,0,256,5,20,25,100800,0.00015726602578070017,0.0011202060850337148
0,sgd,128,32,1,32,0.0005,0.0,False,20000,0,128,5,20,6,100800,39.15685272216797,200.81406784057617
1,sgd,128,32,1,32,0.0005,0.0,False,20000,0,128,5,20,7,100800,1.261350468517719e-08,1.004451632979908e-07
2,sgd,128,32,1,32,0.0005,0.0,False,20000,0,128,5,20,8,100800,1.363683210797717e-08,8.737501921984857e-08
3,sgd,128,32,1,32,0.0005,0.0,False,20000,0,128,5,20,9,100800,29.659278392791748,254.73665237426758
4,sgd,128,32,1,32,0.0005,0.0,False,20000,0,128,5,20,10,100800,32.246068954467766,274.9098834991455
5,sgd,128,32,1,32,0.0005,0.0,False,20000,0,128,5,20,11,100800,1.2670302140804779e-08,7.780699462500705e-08
6,sgd,128,32,1,32,0.0005,0.0,False,20000,0,128,5,20,12,6700,9.89783388583021e-09,6.739215097084639e-08
7,sgd,128,32,1,32,0.0005,0.0,False,20000,0,128,5,20,13,100800,1.2683862626872157e-08,9.172924819722539e-08
8,sgd,128,32,1,32,0.0005,0.0,False,20000,0,128,5,20,14,100800,1.2333206456105472e-08,9.008188328607504e-08
9,sgd,128,32,1,32,0.0005,0.0,False,20000,0,128,5,20,15,100800,1.101484947696463e-08,8.571452170258452e-08
10,sgd,128,32,1,32,0.0005,0.0,False,20000,0,128,5,20,16,100800,1.4259653680070984e-08,8.671800966197907e-08
11,sgd,128,32,1,32,0.0005,0.0,False,20000,0,128,5,20,17,3700,9.966627301238873e-09,6.353248238610831e-08
12,sgd,128,32,1,32,0.0005,0.0,False,20000,0,128,5,20,18,100800,1.2201328392080768e-08,8.565194775655982e-08
13,sgd,128,32,1,32,0.0005,0.0,False,20000,0,128,5,20,19,100800,17.463682413101196,156.75955390930176
14,sgd,128,32,1,32,0.0005,0.0,False,20000,0,128,5,20,20,100800,19.960918188095093,149.29975700378418
15,sgd,128,32,1,32,0.0005,0.0,False,20000,0,128,5,20,21,100800,1.4140450144140004e-08,9.317479676695939e-08
16,sgd,128,32,1,32,0.0005,0.0,False,20000,0,128,5,20,22,100800,34.68178367614746,149.43429565429688
17,sgd,128,32,1,32,0.0005,0.0,False,20000,0,128,5,20,23,100800,1.3626897388263616e-08,8.646146554269764e-08
18,sgd,128,32,1,32,0.0005,0.0,False,20000,0,128,5,20,24,4000,9.22405840597662e-09,5.249983470179132e-08
19,sgd,128,32,1,32,0.0005,0.0,False,20000,0,128,5,20,25,100800,1.0667087879667749e-08,7.915364097499378e-08
0,gd,256,32,10,32,0.002,0.0,False,10000,0,256,5,20,6,50400,0.0030384871643036604,0.019475152716040608
1,gd,256,32,10,32,0.002,0.0,False,10000,0,256,5,20,7,50400,0.0031635696068406105,0.01994495466351509
2,gd,256,32,10,32,0.002,0.0,False,10000,0,256,5,20,8,50400,0.003138980828225613,0.021426290273666385
3,gd,256,32,10,32,0.002,0.0,False,10000,0,256,5,20,9,50400,0.003330639796331525,0.02139868400990963
4,gd,256,32,10,32,0.002,0.0,False,10000,0,256,5,20,10,50400,0.002968770219013095,0.01991291344165802
5,gd,256,32,10,32,0.002,0.0,False,10000,0,256,5,20,11,50400,0.0030082494486123323,0.01878453604876995
6,gd,256,32,10,32,0.002,0.0,False,10000,0,256,5,20,12,50400,0.0033487039618194108,0.024144146591424942
7,gd,256,32,10,32,0.002,0.0,False,10000,0,256,5,20,13,50400,0.003081814618781209,0.018203292042016983
8,gd,256,32,10,32,0.002,0.0,False,10000,0,256,5,20,14,50400,0.0028666462749242787,0.01805218867957592
9,gd,256,32,10,32,0.002,0.0,False,10000,0,256,5,20,15,50400,0.003119077300652861,0.020611610263586044
10,gd,256,32,10,32,0.002,0.0,False,10000,0,256,5,20,16,50400,0.0032333715353161092,0.02047281339764595
11,gd,256,32,10,32,0.002,0.0,False,10000,0,256,5,20,17,50400,0.0031126304529607296,0.020732084289193157
12,gd,256,32,10,32,0.002,0.0,False,10000,0,256,5,20,18,50400,0.0030982655007392172,0.021160842850804332
13,gd,256,32,10,32,0.002,0.0,False,10000,0,256,5,20,19,50400,0.002830163110047579,0.017542850226163864
14,gd,256,32,10,32,0.002,0.0,False,10000,0,256,5,20,20,50400,0.0030186178628355265,0.019569424912333492
15,gd,256,32,10,32,0.002,0.0,False,10000,0,256,5,20,21,50400,0.003148524556308985,0.02019490674138069
16,gd,256,32,10,32,0.002,0.0,False,10000,0,256,5,20,22,50400,0.003170549869537353,0.02082538791000843
17,gd,256,32,10,32,0.002,0.0,False,10000,0,256,5,20,23,50400,0.003272913862019777,0.02214199863374233
18,gd,256,32,10,32,0.002,0.0,False,10000,0,256,5,20,24,50400,0.002985304454341531,0.017301412299275398
19,gd,256,32,10,32,0.002,0.0,False,10000,0,256,5,20,25,50400,0.0033579985611140732,0.02244173176586628
0,sgd,256,32,1,32,0.002,0.0,False,10000,0,256,5,20,6,300,1.2640159058330272e-10,4.631042944958086e-10
1,sgd,256,32,1,32,0.002,0.0,False,10000,0,256,5,20,7,300,8.738300924862608e-11,2.396016085190466e-10
2,sgd,256,32,1,32,0.002,0.0,False,10000,0,256,5,20,8,300,9.617185953852969e-11,3.186705534868884e-10
3,sgd,256,32,1,32,0.002,0.0,False,10000,0,256,5,20,9,300,1.0843551577488507e-10,3.06275848432902e-10
4,sgd,256,32,1,32,0.002,0.0,False,10000,0,256,5,20,10,300,1.3297062669698212e-10,5.158350101230892e-10
5,sgd,256,32,1,32,0.002,0.0,False,10000,0,256,5,20,11,300,4.63545181406122e-10,1.7449864816998504e-09
6,sgd,256,32,1,32,0.002,0.0,False,10000,0,256,5,20,12,300,2.5707648856898585e-10,1.0259855985628177e-09
7,sgd,256,32,1,32,0.002,0.0,False,10000,0,256,5,20,13,300,9.597538779340664e-11,3.406557189111758e-10
8,sgd,256,32,1,32,0.002,0.0,False,10000,0,256,5,20,14,300,1.091490335614065e-10,3.4301341801656893e-10
9,sgd,256,32,1,32,0.002,0.0,False,10000,0,256,5,20,15,300,9.497015847348412e-11,3.0077415211215985e-10
10,sgd,256,32,1,32,0.002,0.0,False,10000,0,256,5,20,16,300,2.148463299628256e-10,8.544987113723311e-10
11,sgd,256,32,1,32,0.002,0.0,False,10000,0,256,5,20,17,300,1.0778708654790578e-10,3.8031386200010337e-10
12,sgd,256,32,1,32,0.002,0.0,False,10000,0,256,5,20,18,300,3.4985987718005873e-10,1.315995881712162e-09
13,sgd,256,32,1,32,0.002,0.0,False,10000,0,256,5,20,19,300,7.371823318447213e-09,2.865608650370888e-08
14,sgd,256,32,1,32,0.002,0.0,False,10000,0,256,5,20,20,300,7.02144890840639e-10,2.689603970096321e-09
15,sgd,256,32,1,32,0.002,0.0,False,10000,0,256,5,20,21,300,1.0362568095279023e-10,3.831058057596204e-10
16,sgd,256,32,1,32,0.002,0.0,False,10000,0,256,5,20,22,300,1.157385166872249e-09,4.5214630789436336e-09
17,sgd,256,32,1,32,0.002,0.0,False,10000,0,256,5,20,23,300,1.4859049407567326e-10,5.387708022774883e-10
18,sgd,256,32,1,32,0.002,0.0,False,10000,0,256,5,20,24,300,8.270861513032245e-11,2.480830870593697e-10
19,sgd,256,32,1,32,0.002,0.0,False,10000,0,256,5,20,25,300,1.8820404609765085e-10,7.296101084408589e-10
0,sgd,128,32,10,32,0.0005,0.0,False,20000,0,128,5,20,6,100800,0.01611920166760683,0.5764760524034499
1,sgd,128,32,10,32,0.0005,0.0,False,20000,0,128,5,20,7,100800,0.013848398579284549,0.3561370149254799
2,sgd,128,32,10,32,0.0005,0.0,False,20000,0,128,5,20,8,100800,0.01829208666458726,0.6411331668496132
3,sgd,128,32,10,32,0.0005,0.0,False,20000,0,128,5,20,9,100800,0.015431701438501476,0.5668795630335808
4,sgd,128,32,10,32,0.0005,0.0,False,20000,0,128,5,20,10,100800,0.014173311181366444,0.43884313479065895
5,sgd,128,32,10,32,0.0005,0.0,False,20000,0,128,5,20,11,100800,0.01753093651495874,0.6468218713998795
6,sgd,128,32,10,32,0.0005,0.0,False,20000,0,128,5,20,12,100800,0.01619181758724153,0.5254875905811787
7,sgd,128,32,10,32,0.0005,0.0,False,20000,0,128,5,20,13,100800,0.01522778905928135,0.5217957831919193
8,sgd,128,32,10,32,0.0005,0.0,False,20000,0,128,5,20,14,100800,0.016826941166073084,0.6173062920570374
9,sgd,128,32,10,32,0.0005,0.0,False,20000,0,128,5,20,15,100800,0.014678259147331119,0.3748497515916824
10,sgd,128,32,10,32,0.0005,0.0,False,20000,0,128,5,20,16,100800,0.01801371993497014,0.6663080528378487
11,sgd,128,32,10,32,0.0005,0.0,False,20000,0,128,5,20,17,100800,0.015396167524158956,0.5234130993485451
12,sgd,128,32,10,32,0.0005,0.0,False,20000,0,128,5,20,18,100800,0.01722907368093729,0.5579240322113037
13,sgd,128,32,10,32,0.0005,0.0,False,20000,0,128,5,20,19,100800,0.014060892630368471,0.4064769633114338
14,sgd,128,32,10,32,0.0005,0.0,False,20000,0,128,5,20,20,100800,0.014214713592082262,0.5284705683588982
15,sgd,128,32,10,32,0.0005,0.0,False,20000,0,128,5,20,21,100800,0.016046969220042232,0.6490114331245422
16,sgd,128,32,10,32,0.0005,0.0,False,20000,0,128,5,20,22,100800,0.016941394424065948,0.5490576438605785
17,sgd,128,32,10,32,0.0005,0.0,False,20000,0,128,5,20,23,100800,0.01907786726951599,0.7330891191959381
18,sgd,128,32,10,32,0.0005,0.0,False,20000,0,128,5,20,24,100800,0.013336080126464369,0.3418167605996132
19,sgd,128,32,10,32,0.0005,0.0,False,20000,0,128,5,20,25,100800,0.0149162570014596,0.5215945616364479
0,sgd,128,32,32,32,0.002,0.9,False,10000,0,128,5,20,6,50400,0.0006427599873859434,0.027147782035171986
1,sgd,128,32,32,32,0.002,0.9,False,10000,0,128,5,20,7,50400,0.0006156086310511455,0.02550666150636971
2,sgd,128,32,32,32,0.002,0.9,False,10000,0,128,5,20,8,50400,0.0006657320627709852,0.028315057512372725
3,sgd,128,32,32,32,0.002,0.9,False,10000,0,128,5,20,9,50400,0.0006795131484977901,0.029769440181553364
4,sgd,128,32,32,32,0.002,0.9,False,10000,0,128,5,20,10,50400,0.0006473908288171515,0.02721949853003025
5,sgd,128,32,32,32,0.002,0.9,False,10000,0,128,5,20,11,50400,0.0006703984399791808,0.02852453850209713
6,sgd,128,32,32,32,0.002,0.9,False,10000,0,128,5,20,12,50400,0.000678296506521292,0.029032510006800294
7,sgd,128,32,32,32,0.002,0.9,False,10000,0,128,5,20,13,50400,0.0006670860893791541,0.03009339864365756
8,sgd,128,32,32,32,0.002,0.9,False,10000,0,128,5,20,14,50400,0.0006707200955133885,0.02894080989062786
9,sgd,128,32,32,32,0.002,0.9,False,10000,0,128,5,20,15,50400,0.0006942538893781602,0.02948191156610846
10,sgd,128,32,32,32,0.002,0.9,False,10000,0,128,5,20,16,50400,0.0006621867651119827,0.028637512121349577
11,sgd,128,32,32,32,0.002,0.9,False,10000,0,128,5,20,17,50400,0.0007127678982215003,0.03155182977207005
12,sgd,128,32,32,32,0.002,0.9,False,10000,0,128,5,20,18,50400,0.0006850479549029843,0.028847988927736882
13,sgd,128,32,32,32,0.002,0.9,False,10000,0,128,5,20,19,50400,0.0006509327358799055,0.027375428937375542
14,sgd,128,32,32,32,0.002,0.9,False,10000,0,128,5,20,20,50400,0.0006586615345440805,0.028783994959667325
15,sgd,128,32,32,32,0.002,0.9,False,10000,0,128,5,20,21,50400,0.0006693839823128657,0.029098581289872524
16,sgd,128,32,32,32,0.002,0.9,False,10000,0,128,5,20,22,50400,0.0006946842913748696,0.029904948547482487
17,sgd,128,32,32,32,0.002,0.9,False,10000,0,128,5,20,23,50400,0.0006813844083808362,0.028662172146141533
18,sgd,128,32,32,32,0.002,0.9,False,10000,0,128,5,20,24,50400,0.0006779663526685907,0.02892473945394158
19,sgd,128,32,32,32,0.002,0.9,False,10000,0,128,5,20,25,50400,0.0006530108803417535,0.02873191935941577
0,gd,128,32,1,32,0.002,0.0,False,10000,0,128,5,20,6,50400,155.7998809814453,804.9234619140625
1,gd,128,32,1,32,0.002,0.0,False,10000,0,128,5,20,7,1200,2.614594984962082e-09,2.708093838066361e-08
2,gd,128,32,1,32,0.002,0.0,False,10000,0,128,5,20,8,1200,3.488545674557031e-09,3.777530821480469e-08
3,gd,128,32,1,32,0.002,0.0,False,10000,0,128,5,20,9,50400,117.74484252929688,1021.0125122070312
4,gd,128,32,1,32,0.002,0.0,False,10000,0,128,5,20,10,50400,155.0307159423828,605.3858032226562
5,gd,128,32,1,32,0.002,0.0,False,10000,0,128,5,20,11,1300,2.4961883671181795e-09,2.514429553457376e-08
6,gd,128,32,1,32,0.002,0.0,False,10000,0,128,5,20,12,1700,3.5583100910230314e-09,3.108160484543987e-08
7,gd,128,32,1,32,0.002,0.0,False,10000,0,128,5,20,13,1200,3.512608204303547e-09,4.1108147996737905e-08
8,gd,128,32,1,32,0.002,0.0,False,10000,0,128,5,20,14,1300,2.564599199672557e-09,2.8679773222961564e-08
9,gd,128,32,1,32,0.002,0.0,False,10000,0,128,5,20,15,1000,3.1597149341422437e-09,2.9081721919510525e-08
10,gd,128,32,1,32,0.002,0.0,False,10000,0,128,5,20,16,2100,9.763465591561273e-09,7.149124314764776e-08
11,gd,128,32,1,32,0.002,0.0,False,10000,0,128,5,20,17,1000,2.629801265641163e-09,2.2935232379950318e-08
12,gd,128,32,1,32,0.002,0.0,False,10000,0,128,5,20,18,1300,3.884162769196564e-09,3.894479760901959e-08
13,gd,128,32,1,32,0.002,0.0,False,10000,0,128,5,20,19,50400,69.54789733886719,627.1812744140625
14,gd,128,32,1,32,0.002,0.0,False,10000,0,128,5,20,20,50400,79.46597290039062,597.5576171875
15,gd,128,32,1,32,0.002,0.0,False,10000,0,128,5,20,21,1200,3.177441199042619e-09,3.0993856370287176e-08
16,gd,128,32,1,32,0.002,0.0,False,10000,0,128,5,20,22,50400,137.9388427734375,597.8075561523438
17,gd,128,32,1,32,0.002,0.0,False,10000,0,128,5,20,23,1100,5.767197830408577e-09,6.356874848734151e-08
18,gd,128,32,1,32,0.002,0.0,False,10000,0,128,5,20,24,1100,2.7228868049178345e-09,1.569427254821676e-08
19,gd,128,32,1,32,0.002,0.0,False,10000,0,128,5,20,25,1200,4.330130920493502e-09,4.611761283968008e-08
0,sgd,256,32,10,32,0.002,0.9,False,10000,0,256,5,20,6,50400,4.8028219055140644e-06,3.4059239851558225e-05
1,sgd,256,32,10,32,0.002,0.9,False,10000,0,256,5,20,7,50400,4.847579646138912e-06,3.3494586659799104e-05
2,sgd,256,32,10,32,0.002,0.9,False,10000,0,256,5,20,8,50400,4.93321516614742e-06,3.6454144947128946e-05
3,sgd,256,32,10,32,0.002,0.9,False,10000,0,256,5,20,9,50400,5.0275836542823535e-06,3.604428638936952e-05
4,sgd,256,32,10,32,0.002,0.9,False,10000,0,256,5,20,10,50400,4.7702576466690525e-06,3.527009880599508e-05
5,sgd,256,32,10,32,0.002,0.9,False,10000,0,256,5,20,11,50400,4.743710292132164e-06,3.3826712297013735e-05
6,sgd,256,32,10,32,0.002,0.9,False,10000,0,256,5,20,12,50400,4.919379165357896e-06,3.733483663381776e-05
7,sgd,256,32,10,32,0.002,0.9,False,10000,0,256,5,20,13,50400,4.865521418651042e-06,3.306020880700089e-05
8,sgd,256,32,10,32,0.002,0.9,False,10000,0,256,5,20,14,50400,4.576574895054364e-06,3.223534235985426e-05
9,sgd,256,32,10,32,0.002,0.9,False,10000,0,256,5,20,15,50400,4.904413145823128e-06,3.596663736971095e-05
10,sgd,256,32,10,32,0.002,0.9,False,10000,0,256,5,20,16,50400,4.792705112777185e-06,3.3068969742089394e-05
11,sgd,256,32,10,32,0.002,0.9,False,10000,0,256,5,20,17,50400,4.835231720790033e-06,3.4761827237161924e-05
12,sgd,256,32,10,32,0.002,0.9,False,10000,0,256,5,20,18,50400,4.881623283381487e-06,3.617790275711741e-05
13,sgd,256,32,10,32,0.002,0.9,False,10000,0,256,5,20,19,50400,4.638336719153814e-06,3.3869860089907895e-05
14,sgd,256,32,10,32,0.002,0.9,False,10000,0,256,5,20,20,50400,4.803325566626882e-06,3.486944660835434e-05
15,sgd,256,32,10,32,0.002,0.9,False,10000,0,256,5,20,21,50400,4.869236761351203e-06,3.4042066090478336e-05
16,sgd,256,32,10,32,0.002,0.9,False,10000,0,256,5,20,22,50400,4.8860371180126094e-06,3.554270097083645e-05
17,sgd,256,32,10,32,0.002,0.9,False,10000,0,256,5,20,23,50400,4.801190272019085e-06,3.447474387030525e-05
18,sgd,256,32,10,32,0.002,0.9,False,10000,0,256,5,20,24,50400,4.724559204305479e-06,3.1728057365398854e-05
19,sgd,256,32,10,32,0.002,0.9,False,10000,0,256,5,20,25,50400,5.055067390458135e-06,3.646279674285324e-05
0,gd,128,32,32,32,0.0005,0.9,False,20000,0,128,5,20,6,100800,0.009103724732995032,0.3621018826961517
1,gd,128,32,32,32,0.0005,0.9,False,20000,0,128,5,20,7,100800,0.008490818552672863,0.3294900357723236
2,gd,128,32,32,32,0.0005,0.9,False,20000,0,128,5,20,8,100800,0.009390594437718391,0.3792659342288971
3,gd,128,32,32,32,0.0005,0.9,False,20000,0,128,5,20,9,100800,0.009736279956996441,0.4086349904537201
4,gd,128,32,32,32,0.0005,0.9,False,20000,0,128,5,20,10,100800,0.009152114391326904,0.3659232556819916
5,gd,128,32,32,32,0.0005,0.9,False,20000,0,128,5,20,11,100800,0.00950944982469082,0.3848943114280701
6,gd,128,32,32,32,0.0005,0.9,False,20000,0,128,5,20,12,100800,0.009720880538225174,0.3977071940898895
7,gd,128,32,32,32,0.0005,0.9,False,20000,0,128,5,20,13,100800,0.009445138275623322,0.4083232581615448
8,gd,128,32,32,32,0.0005,0.9,False,20000,0,128,5,20,14,100800,0.009510467760264874,0.3928815424442291
9,gd,128,32,32,32,0.0005,0.9,False,20000,0,128,5,20,15,100800,0.009904337115585804,0.400635302066803
10,gd,128,32,32,32,0.0005,0.9,False,20000,0,128,5,20,16,100800,0.009400056675076485,0.3852044343948364
11,gd,128,32,32,32,0.0005,0.9,False,20000,0,128,5,20,17,100800,0.010322924703359604,0.4395489394664765
12,gd,128,32,32,32,0.0005,0.9,False,20000,0,128,5,20,18,100800,0.009887240827083588,0.39546266198158253
13,gd,128,32,32,32,0.0005,0.9,False,20000,0,128,5,20,19,100800,0.00920693762600422,0.3657462000846863
14,gd,128,32,32,32,0.0005,0.9,False,20000,0,128,5,20,20,100800,0.009307137690484524,0.3870909512042999
15,gd,128,32,32,32,0.0005,0.9,False,20000,0,128,5,20,21,100800,0.00953109934926033,0.3966207206249237
16,gd,128,32,32,32,0.0005,0.9,False,20000,0,128,5,20,22,100800,0.010006665252149105,0.4132381975650787
17,gd,128,32,32,32,0.0005,0.9,False,20000,0,128,5,20,23,100800,0.009725524112582208,0.3904673457145691
18,gd,128,32,32,32,0.0005,0.9,False,20000,0,128,5,20,24,100800,0.00964282639324665,0.3923320174217224
19,gd,128,32,32,32,0.0005,0.9,False,20000,0,128,5,20,25,100800,0.009250667877495287,0.3857928812503815
0,sgd,256,32,1,32,0.002,0.9,False,10000,0,256,5,20,6,100,5.114229840400691e-12,8.168960055924754e-12
1,sgd,256,32,1,32,0.002,0.9,False,10000,0,256,5,20,7,100,5.936783047588366e-12,9.275062488878218e-12
2,sgd,256,32,1,32,0.002,0.9,False,10000,0,256,5,20,8,100,5.3374836289036415e-12,1.0122544295831926e-11
3,sgd,256,32,1,32,0.002,0.9,False,10000,0,256,5,20,9,100,3.981125704707184e-12,7.402242501678562e-12
4,sgd,256,32,1,32,0.002,0.9,False,10000,0,256,5,20,10,100,4.822963995407617e-12,1.109565895109424e-11
5,sgd,256,32,1,32,0.002,0.9,False,10000,0,256,5,20,11,100,4.667031626610918e-12,9.18149692559489e-12
6,sgd,256,32,1,32,0.002,0.9,False,10000,0,256,5,20,12,100,3.805500294225273e-12,8.805352714330582e-12
7,sgd,256,32,1,32,0.002,0.9,False,10000,0,256,5,20,13,100,4.642217870960003e-12,9.684563182866047e-12
8,sgd,256,32,1,32,0.002,0.9,False,10000,0,256,5,20,14,100,5.208328614312446e-12,1.019040347981573e-11
9,sgd,256,32,1,32,0.002,0.9,False,10000,0,256,5,20,15,100,3.86992345178909e-12,8.856933470056255e-12
10,sgd,256,32,1,32,0.002,0.9,False,10000,0,256,5,20,16,100,4.951791987518536e-12,1.0037740820825758e-11
11,sgd,256,32,1,32,0.002,0.9,False,10000,0,256,5,20,17,100,4.645219925131661e-12,1.036776589059818e-11
12,sgd,256,32,1,32,0.002,0.9,False,10000,0,256,5,20,18,100,5.792751532358169e-12,9.988846962028994e-12
13,sgd,256,32,1,32,0.002,0.9,False,10000,0,256,5,20,19,100,5.858033161202161e-12,1.150929465664266e-11
14,sgd,256,32,1,32,0.002,0.9,False,10000,0,256,5,20,20,100,5.0236399783999686e-12,8.421944131670191e-12
15,sgd,256,32,1,32,0.002,0.9,False,10000,0,256,5,20,21,100,3.862607120003886e-12,8.709882045199874e-12
16,sgd,256,32,1,32,0.002,0.9,False,10000,0,256,5,20,22,100,4.14465530851945e-12,9.125780561997436e-12
17,sgd,256,32,1,32,0.002,0.9,False,10000,0,256,5,20,23,100,4.367659215526697e-12,1.0138516762236984e-11
18,sgd,256,32,1,32,0.002,0.9,False,10000,0,256,5,20,24,100,5.100652674750253e-12,8.062473459040723e-12
19,sgd,256,32,1,32,0.002,0.9,False,10000,0,256,5,20,25,100,3.4319027654439167e-12,1.0570189471967308e-11
0,gd,128,32,32,32,0.0005,0.0,False,20000,0,128,5,20,6,100800,0.4622941613197327,12.264483451843262
1,gd,128,32,32,32,0.0005,0.0,False,20000,0,128,5,20,7,100800,0.4039875864982605,9.780523300170898
2,gd,128,32,32,32,0.0005,0.0,False,20000,0,128,5,20,8,100800,0.4720743298530578,12.947803497314453
3,gd,128,32,32,32,0.0005,0.0,False,20000,0,128,5,20,9,100800,0.5187975168228149,15.287684440612793
4,gd,128,32,32,32,0.0005,0.0,False,20000,0,128,5,20,10,100800,0.4521681368350983,12.366802215576172
5,gd,128,32,32,32,0.0005,0.0,False,20000,0,128,5,20,11,100800,0.4662310183048248,13.140387535095215
6,gd,128,32,32,32,0.0005,0.0,False,20000,0,128,5,20,12,100800,0.5464769601821899,15.913169860839846
7,gd,128,32,32,32,0.0005,0.0,False,20000,0,128,5,20,13,100800,0.4979119598865509,14.87680721282959
8,gd,128,32,32,32,0.0005,0.0,False,20000,0,128,5,20,14,100800,0.4573644399642944,13.252650260925293
9,gd,128,32,32,32,0.0005,0.0,False,20000,0,128,5,20,15,100800,0.5098701119422913,14.100168228149414
10,gd,128,32,32,32,0.0005,0.0,False,20000,0,128,5,20,16,100800,0.5138337612152101,13.875204086303713
11,gd,128,32,32,32,0.0005,0.0,False,20000,0,128,5,20,17,100800,0.5616835951805115,16.950891494750973
12,gd,128,32,32,32,0.0005,0.0,False,20000,0,128,5,20,18,100800,0.5607976913452148,15.473630905151367
13,gd,128,32,32,32,0.0005,0.0,False,20000,0,128,5,20,19,100800,0.4762061834335327,12.729635238647461
14,gd,128,32,32,32,0.0005,0.0,False,20000,0,128,5,20,20,100800,0.4733292460441589,13.252908706665039
15,gd,128,32,32,32,0.0005,0.0,False,20000,0,128,5,20,21,100800,0.4857511520385742,14.066058158874512
16,gd,128,32,32,32,0.0005,0.0,False,20000,0,128,5,20,22,100800,0.5273937582969666,15.578137397766113
17,gd,128,32,32,32,0.0005,0.0,False,20000,0,128,5,20,23,100800,0.4929387271404266,13.89507293701172
18,gd,128,32,32,32,0.0005,0.0,False,20000,0,128,5,20,24,100800,0.4840282797813416,13.516423225402832
19,gd,128,32,32,32,0.0005,0.0,False,20000,0,128,5,20,25,100800,0.4956085085868835,13.609175682067873
0,sgd,256,32,32,32,0.0005,0.0,False,20000,0,256,5,20,6,100800,0.01276481430977583,0.0670767710544169
1,sgd,256,32,32,32,0.0005,0.0,False,20000,0,256,5,20,7,100800,0.013351801550015807,0.07435319619253278
2,sgd,256,32,32,32,0.0005,0.0,False,20000,0,256,5,20,8,100800,0.012960698921233416,0.07143206102773547
3,sgd,256,32,32,32,0.0005,0.0,False,20000,0,256,5,20,9,100800,0.013895939919166269,0.0781473508104682
4,sgd,256,32,32,32,0.0005,0.0,False,20000,0,256,5,20,10,100800,0.012904130388051271,0.07463502930477263
5,sgd,256,32,32,32,0.0005,0.0,False,20000,0,256,5,20,11,100800,0.01361508306581527,0.07698628352954984
6,sgd,256,32,32,32,0.0005,0.0,False,20000,0,256,5,20,12,100800,0.013863479951396585,0.08163800369948149
7,sgd,256,32,32,32,0.0005,0.0,False,20000,0,256,5,20,13,100800,0.01388197543565184,0.07470218744128942
8,sgd,256,32,32,32,0.0005,0.0,False,20000,0,256,5,20,14,100800,0.012387112015858293,0.06669891579076648
9,sgd,256,32,32,32,0.0005,0.0,False,20000,0,256,5,20,15,100800,0.012995607336051762,0.06980570498853922
10,sgd,256,32,32,32,0.0005,0.0,False,20000,0,256,5,20,16,100800,0.013169490965083241,0.07148365397006272
11,sgd,256,32,32,32,0.0005,0.0,False,20000,0,256,5,20,17,100800,0.013825665111653508,0.07789592817425728
12,sgd,256,32,32,32,0.0005,0.0,False,20000,0,256,5,20,18,100800,0.013004382606595756,0.0698427027091384
13,sgd,256,32,32,32,0.0005,0.0,False,20000,0,256,5,20,19,100800,0.013365352409891784,0.07466818951070309
14,sgd,256,32,32,32,0.0005,0.0,False,20000,0,256,5,20,20,100800,0.013402550015598536,0.0747860511764884
15,sgd,256,32,32,32,0.0005,0.0,False,20000,0,256,5,20,21,100800,0.01319715566933155,0.06911087827757001
16,sgd,256,32,32,32,0.0005,0.0,False,20000,0,256,5,20,22,100800,0.01377002103254199,0.07670052349567412
17,sgd,256,32,32,32,0.0005,0.0,False,20000,0,256,5,20,23,100800,0.013149757636711,0.07191918883472681
18,sgd,256,32,32,32,0.0005,0.0,False,20000,0,256,5,20,24,100800,0.013128873659297824,0.07055450277402997
19,sgd,256,32,32,32,0.0005,0.0,False,20000,0,256,5,20,25,100800,0.014791839872486891,0.08618946187198162
0,sgd,128,32,1,32,0.002,0.9,False,10000,0,128,5,20,6,50400,39.70131397247315,200.30875587463382
1,sgd,128,32,1,32,0.002,0.9,False,10000,0,128,5,20,7,100,1.0712085732333956e-10,9.3398602740713e-10
2,sgd,128,32,1,32,0.002,0.9,False,10000,0,128,5,20,8,200,1.5023648124168346e-11,1.0691962419595579e-10
3,sgd,128,32,1,32,0.002,0.9,False,10000,0,128,5,20,9,50400,30.24595642089844,253.6980209350586
4,sgd,128,32,1,32,0.002,0.9,False,10000,0,128,5,20,10,50400,39.57144451141357,151.1113090515137
5,sgd,128,32,1,32,0.002,0.9,False,10000,0,128,5,20,11,100,1.0493846069881128e-10,9.331178468796606e-10
6,sgd,128,32,1,32,0.002,0.9,False,10000,0,128,5,20,12,200,1.7352579442797555e-11,1.2698108623615534e-10
7,sgd,128,32,1,32,0.002,0.9,False,10000,0,128,5,20,13,200,1.5656174707362472e-11,1.0363850663080987e-10
8,sgd,128,32,1,32,0.002,0.9,False,10000,0,128,5,20,14,100,1.891392979735951e-10,1.799544180336454e-09
9,sgd,128,32,1,32,0.002,0.9,False,10000,0,128,5,20,15,100,6.977878275193916e-09,6.660367102284682e-08
10,sgd,128,32,1,32,0.002,0.9,False,10000,0,128,5,20,16,100,6.707680244577574e-10,6.4991176884632296e-09
11,sgd,128,32,1,32,0.002,0.9,False,10000,0,128,5,20,17,100,5.448901139321061e-11,5.385625626019852e-10
12,sgd,128,32,1,32,0.002,0.9,False,10000,0,128,5,20,18,200,2.22015040900192e-11,1.325239674943024e-10
13,sgd,128,32,1,32,0.002,0.9,False,10000,0,128,5,20,19,50400,17.667945384979244,156.64254760742188
14,sgd,128,32,1,32,0.002,0.9,False,10000,0,128,5,20,20,50400,20.20830512046814,148.5689964294434
15,sgd,128,32,1,32,0.002,0.9,False,10000,0,128,5,20,21,100,1.1350979878255176e-09,1.0558982799224736e-08
16,sgd,128,32,1,32,0.002,0.9,False,10000,0,128,5,20,22,50400,35.18844652175903,149.43723487854004
17,sgd,128,32,1,32,0.002,0.9,False,10000,0,128,5,20,23,100,3.6998101804464056e-10,3.5356990113477593e-09
18,sgd,128,32,1,32,0.002,0.9,False,10000,0,128,5,20,24,100,4.005329314743511e-11,3.3068029911542673e-10
19,sgd,128,32,1,32,0.002,0.9,False,10000,0,128,5,20,25,100,1.4498393319239964e-09,1.3535261134123287e-08
