,optim,activation,loss,samplecomplexity,nfeatures,nhidden,batchsize,lr,momentum,nesterov,nepochs,ntest,startseed,nruns,seed,loss_eps,tau,symmetric_door_k,weightdecay,epoch,train loss,train error,test error
0,gd,symmetric-door,logloss,7.5,1024,1,7680,0.01,0.0,False,2000,100,22,10,23,1e-08,1.0,0.6744899999999999,0,2887,3183.379150390625,0.36328125,0.6200000047683716
1,gd,symmetric-door,logloss,7.5,1024,1,7680,0.01,0.0,False,2000,100,22,10,24,1e-08,1.0,0.6744899999999999,0,2614,3183.4609375,0.3635416626930237,0.6000000238418579
2,gd,symmetric-door,logloss,7.5,1024,1,7680,0.01,0.0,False,2000,100,22,10,25,1e-08,1.0,0.6744899999999999,0,3242,3183.059326171875,0.3658854067325592,0.6000000238418579
3,gd,symmetric-door,logloss,7.5,1024,1,7680,0.01,0.0,False,2000,100,22,10,26,1e-08,1.0,0.6744899999999999,0,4442,3183.37744140625,0.3645833432674408,0.6200000047683716
4,gd,symmetric-door,logloss,7.5,1024,1,7680,0.01,0.0,False,2000,100,22,10,27,1e-08,1.0,0.6744899999999999,0,3527,3183.072509765625,0.36510416865348816,0.6000000238418579
5,gd,symmetric-door,logloss,7.5,1024,1,7680,0.01,0.0,False,2000,100,22,10,28,1e-08,1.0,0.6744899999999999,0,2969,3183.4375,0.3635416626930237,0.6000000238418579
6,gd,symmetric-door,logloss,7.5,1024,1,7680,0.01,0.0,False,2000,100,22,10,29,1e-08,1.0,0.6744899999999999,0,5296,3183.03759765625,0.3656249940395355,0.6000000238418579
7,gd,symmetric-door,logloss,7.5,1024,1,7680,0.01,0.0,False,2000,100,22,10,30,1e-08,1.0,0.6744899999999999,0,6447,4522.26416015625,0.5861979126930237,1.1200000047683716
8,gd,symmetric-door,logloss,7.5,1024,1,7680,0.01,0.0,False,2000,100,22,10,31,1e-08,1.0,0.6744899999999999,0,2921,3183.38427734375,0.3643229305744171,0.6000000238418579
9,gd,symmetric-door,logloss,7.5,1024,1,7680,0.01,0.0,False,2000,100,22,10,32,1e-08,1.0,0.6744899999999999,0,4818,4516.04248046875,0.573437511920929,1.0800000429153442
0,gd,symmetric-door,logloss,7.0,1024,1,7168,0.01,0.0,False,2000,100,32,10,33,1e-08,1.0,0.6744899999999999,0,5699,2950.61669921875,0.3582589328289032,0.6200000047683716
1,gd,symmetric-door,logloss,7.0,1024,1,7168,0.01,0.0,False,2000,100,32,10,34,1e-08,1.0,0.6744899999999999,0,5253,2950.421875,0.3588169515132904,0.6000000238418579
2,gd,symmetric-door,logloss,7.0,1024,1,7168,0.01,0.0,False,2000,100,32,10,35,1e-08,1.0,0.6744899999999999,0,2601,2950.274169921875,0.3602120578289032,0.6200000047683716
3,gd,symmetric-door,logloss,7.0,1024,1,7168,0.01,0.0,False,2000,100,32,10,36,1e-08,1.0,0.6744899999999999,0,4371,2951.5478515625,0.359375,0.5799999833106995
4,gd,symmetric-door,logloss,7.0,1024,1,7168,0.01,0.0,False,2000,100,32,10,37,1e-08,1.0,0.6744899999999999,0,12042,2950.654296875,0.3579799234867096,0.6200000047683716
5,gd,symmetric-door,logloss,7.0,1024,1,7168,0.01,0.0,False,2000,100,32,10,38,1e-08,1.0,0.6744899999999999,0,3726,2950.4736328125,0.3621651828289032,0.6000000238418579
6,gd,symmetric-door,logloss,7.0,1024,1,7168,0.01,0.0,False,2000,100,32,10,39,1e-08,1.0,0.6744899999999999,0,7353,2950.831787109375,0.3596540093421936,0.6000000238418579
7,gd,symmetric-door,logloss,7.0,1024,1,7168,0.01,0.0,False,2000,100,32,10,40,1e-08,1.0,0.6744899999999999,0,4619,4147.3076171875,0.5552455186843872,1.2599999904632568
8,gd,symmetric-door,logloss,7.0,1024,1,7168,0.01,0.0,False,2000,100,32,10,41,1e-08,1.0,0.6744899999999999,0,4582,2950.42138671875,0.3599330484867096,0.6000000238418579
9,gd,symmetric-door,logloss,7.0,1024,1,7168,0.01,0.0,False,2000,100,32,10,42,1e-08,1.0,0.6744899999999999,0,6080,4187.0751953125,0.5725446343421936,1.0800000429153442
0,gd,symmetric-door,logloss,7.5,1024,1,7680,0.01,0.0,False,2000,100,32,10,33,1e-08,1.0,0.6744899999999999,0,4616,4555.998046875,0.5895833373069763,1.0199999809265137
1,gd,symmetric-door,logloss,7.5,1024,1,7680,0.01,0.0,False,2000,100,32,10,34,1e-08,1.0,0.6744899999999999,0,4773,3199.82470703125,0.3713541626930237,0.4399999976158142
2,gd,symmetric-door,logloss,7.5,1024,1,7680,0.01,0.0,False,2000,100,32,10,35,1e-08,1.0,0.6744899999999999,0,3712,3200.78857421875,0.37187498807907104,0.4399999976158142
3,gd,symmetric-door,logloss,7.5,1024,1,7680,0.01,0.0,False,2000,100,32,10,36,1e-08,1.0,0.6744899999999999,0,4036,3200.40087890625,0.3713541626930237,0.4399999976158142
4,gd,symmetric-door,logloss,7.5,1024,1,7680,0.01,0.0,False,2000,100,32,10,37,1e-08,1.0,0.6744899999999999,0,4003,3200.41552734375,0.3726562559604645,0.4399999976158142
5,gd,symmetric-door,logloss,7.5,1024,1,7680,0.01,0.0,False,2000,100,32,10,38,1e-08,1.0,0.6744899999999999,0,2931,3200.750244140625,0.37109375,0.4399999976158142
6,gd,symmetric-door,logloss,7.5,1024,1,7680,0.01,0.0,False,2000,100,32,10,39,1e-08,1.0,0.6744899999999999,0,3152,3200.18408203125,0.37187498807907104,0.4399999976158142
7,gd,symmetric-door,logloss,7.5,1024,1,7680,0.01,0.0,False,2000,100,32,10,40,1e-08,1.0,0.6744899999999999,0,4563,3200.162109375,0.3713541626930237,0.4399999976158142
8,gd,symmetric-door,logloss,7.5,1024,1,7680,0.01,0.0,False,2000,100,32,10,41,1e-08,1.0,0.6744899999999999,0,4240,3199.931396484375,0.3721354305744171,0.4399999976158142
9,gd,symmetric-door,logloss,7.5,1024,1,7680,0.01,0.0,False,2000,100,32,10,42,1e-08,1.0,0.6744899999999999,0,4176,3199.846435546875,0.37109375,0.4399999976158142
0,gd,symmetric-door,logloss,7.0,1024,1,7168,0.01,0.0,False,2000,100,22,10,23,1e-08,1.0,0.6744899999999999,0,3430,2947.107666015625,0.3585379421710968,0.5400000214576721
1,gd,symmetric-door,logloss,7.0,1024,1,7168,0.01,0.0,False,2000,100,22,10,24,1e-08,1.0,0.6744899999999999,0,5242,4143.4990234375,0.5608258843421936,0.7400000095367432
2,gd,symmetric-door,logloss,7.0,1024,1,7168,0.01,0.0,False,2000,100,22,10,25,1e-08,1.0,0.6744899999999999,0,3620,2946.842041015625,0.3557477593421936,0.5400000214576721
3,gd,symmetric-door,logloss,7.0,1024,1,7168,0.01,0.0,False,2000,100,22,10,26,1e-08,1.0,0.6744899999999999,0,3252,2946.85546875,0.3560267984867096,0.5400000214576721
4,gd,symmetric-door,logloss,7.0,1024,1,7168,0.01,0.0,False,2000,100,22,10,27,1e-08,1.0,0.6744899999999999,0,4385,2947.1103515625,0.3579799234867096,0.5400000214576721
5,gd,symmetric-door,logloss,7.0,1024,1,7168,0.01,0.0,False,2000,100,22,10,28,1e-08,1.0,0.6744899999999999,0,5221,2946.822265625,0.3560267984867096,0.5400000214576721
6,gd,symmetric-door,logloss,7.0,1024,1,7168,0.01,0.0,False,2000,100,22,10,29,1e-08,1.0,0.6744899999999999,0,4102,2946.82666015625,0.3557477593421936,0.5400000214576721
7,gd,symmetric-door,logloss,7.0,1024,1,7168,0.01,0.0,False,2000,100,22,10,30,1e-08,1.0,0.6744899999999999,0,4472,2946.819091796875,0.3563058078289032,0.5400000214576721
8,gd,symmetric-door,logloss,7.0,1024,1,7168,0.01,0.0,False,2000,100,22,10,31,1e-08,1.0,0.6744899999999999,0,3837,2946.86474609375,0.3557477593421936,0.5400000214576721
9,gd,symmetric-door,logloss,7.0,1024,1,7168,0.01,0.0,False,2000,100,22,10,32,1e-08,1.0,0.6744899999999999,0,4373,2947.119873046875,0.3585379421710968,0.5400000214576721
0,gd,symmetric-door,logloss,1.0,1024,1,1024,0.01,0.0,False,2000,100,22,10,23,1e-08,1.0,0.6744899999999999,0,5437,262.62847900390625,0.0,0.9200000166893004
1,gd,symmetric-door,logloss,1.0,1024,1,1024,0.01,0.0,False,2000,100,22,10,24,1e-08,1.0,0.6744899999999999,0,6778,252.9881896972656,0.0,0.8199999928474426
2,gd,symmetric-door,logloss,1.0,1024,1,1024,0.01,0.0,False,2000,100,22,10,25,1e-08,1.0,0.6744899999999999,0,5956,260.868408203125,0.0,0.8399999737739563
3,gd,symmetric-door,logloss,1.0,1024,1,1024,0.01,0.0,False,2000,100,22,10,26,1e-08,1.0,0.6744899999999999,0,6357,250.8798065185547,0.0,0.8799999952316284
4,gd,symmetric-door,logloss,1.0,1024,1,1024,0.01,0.0,False,2000,100,22,10,27,1e-08,1.0,0.6744899999999999,0,6477,257.6513061523437,0.0,0.8600000143051147
5,gd,symmetric-door,logloss,1.0,1024,1,1024,0.01,0.0,False,2000,100,22,10,28,1e-08,1.0,0.6744899999999999,0,4966,262.88125610351557,0.0,0.8799999952316284
6,gd,symmetric-door,logloss,1.0,1024,1,1024,0.01,0.0,False,2000,100,22,10,29,1e-08,1.0,0.6744899999999999,0,4591,267.79031372070307,0.0,0.8399999737739563
7,gd,symmetric-door,logloss,1.0,1024,1,1024,0.01,0.0,False,2000,100,22,10,30,1e-08,1.0,0.6744899999999999,0,5636,264.80865478515625,0.0,0.9200000166893004
8,gd,symmetric-door,logloss,1.0,1024,1,1024,0.01,0.0,False,2000,100,22,10,31,1e-08,1.0,0.6744899999999999,0,5468,265.35400390625,0.0,0.8799999952316284
9,gd,symmetric-door,logloss,1.0,1024,1,1024,0.01,0.0,False,2000,100,22,10,32,1e-08,1.0,0.6744899999999999,0,4982,260.34689331054693,0.0,0.8000000119209291
0,gd,symmetric-door,logloss,1.5,1024,1,1536,0.01,0.0,False,2000,100,32,10,33,1e-08,1.0,0.6744899999999999,0,20002,467.0469055175781,0.1145833358168602,1.0199999809265137
1,gd,symmetric-door,logloss,1.5,1024,1,1536,0.01,0.0,False,2000,100,32,10,34,1e-08,1.0,0.6744899999999999,0,20002,511.4153137207031,0.1549479216337204,0.8999999761581421
2,gd,symmetric-door,logloss,1.5,1024,1,1536,0.01,0.0,False,2000,100,32,10,35,1e-08,1.0,0.6744899999999999,0,20002,513.847412109375,0.16796875,1.0199999809265137
3,gd,symmetric-door,logloss,1.5,1024,1,1536,0.01,0.0,False,2000,100,32,10,36,1e-08,1.0,0.6744899999999999,0,20002,506.2151184082031,0.1380208283662796,0.959999978542328
4,gd,symmetric-door,logloss,1.5,1024,1,1536,0.01,0.0,False,2000,100,32,10,37,1e-08,1.0,0.6744899999999999,0,20002,552.8643798828125,0.1875,0.9800000190734864
5,gd,symmetric-door,logloss,1.5,1024,1,1536,0.01,0.0,False,2000,100,32,10,38,1e-08,1.0,0.6744899999999999,0,20002,530.4512939453125,0.1822916716337204,1.0599999427795408
6,gd,symmetric-door,logloss,1.5,1024,1,1536,0.01,0.0,False,2000,100,32,10,39,1e-08,1.0,0.6744899999999999,0,20002,513.0704345703125,0.171875,1.0399999618530271
7,gd,symmetric-door,logloss,1.5,1024,1,1536,0.01,0.0,False,2000,100,32,10,40,1e-08,1.0,0.6744899999999999,0,20002,477.35430908203125,0.1328125,1.0599999427795408
8,gd,symmetric-door,logloss,1.5,1024,1,1536,0.01,0.0,False,2000,100,32,10,41,1e-08,1.0,0.6744899999999999,0,20002,504.4194030761719,0.16015625,1.0399999618530271
9,gd,symmetric-door,logloss,1.5,1024,1,1536,0.01,0.0,False,2000,100,32,10,42,1e-08,1.0,0.6744899999999999,0,20002,528.3709106445311,0.1640625,1.0
0,gd,symmetric-door,logloss,2.0,1024,1,2048,0.01,0.0,False,2000,100,22,10,23,1e-08,1.0,0.6744899999999999,0,18629,848.9000244140625,0.296875,1.0399999618530271
1,gd,symmetric-door,logloss,2.0,1024,1,2048,0.01,0.0,False,2000,100,22,10,24,1e-08,1.0,0.6744899999999999,0,17347,847.34033203125,0.2880859375,1.1200000047683716
2,gd,symmetric-door,logloss,2.0,1024,1,2048,0.01,0.0,False,2000,100,22,10,25,1e-08,1.0,0.6744899999999999,0,13866,872.0305786132812,0.296875,1.0800000429153442
3,gd,symmetric-door,logloss,2.0,1024,1,2048,0.01,0.0,False,2000,100,22,10,26,1e-08,1.0,0.6744899999999999,0,17187,868.7013549804688,0.314453125,1.0399999618530271
4,gd,symmetric-door,logloss,2.0,1024,1,2048,0.01,0.0,False,2000,100,22,10,27,1e-08,1.0,0.6744899999999999,0,11893,884.5718994140625,0.2998046875,1.1399999856948853
5,gd,symmetric-door,logloss,2.0,1024,1,2048,0.01,0.0,False,2000,100,22,10,28,1e-08,1.0,0.6744899999999999,0,18964,840.42529296875,0.2880859375,1.0199999809265137
6,gd,symmetric-door,logloss,2.0,1024,1,2048,0.01,0.0,False,2000,100,22,10,29,1e-08,1.0,0.6744899999999999,0,16406,882.02880859375,0.314453125,1.0
7,gd,symmetric-door,logloss,2.0,1024,1,2048,0.01,0.0,False,2000,100,22,10,30,1e-08,1.0,0.6744899999999999,0,20002,857.344970703125,0.2919921875,0.959999978542328
8,gd,symmetric-door,logloss,2.0,1024,1,2048,0.01,0.0,False,2000,100,22,10,31,1e-08,1.0,0.6744899999999999,0,15553,864.3734741210938,0.2978515625,0.959999978542328
9,gd,symmetric-door,logloss,2.0,1024,1,2048,0.01,0.0,False,2000,100,22,10,32,1e-08,1.0,0.6744899999999999,0,15389,913.1422119140624,0.330078125,1.0
0,gd,symmetric-door,logloss,0.5,1024,1,512,0.01,0.0,False,2000,100,22,10,23,1e-08,1.0,0.6744899999999999,0,795,158.76165771484375,0.0,1.0
1,gd,symmetric-door,logloss,0.5,1024,1,512,0.01,0.0,False,2000,100,22,10,24,1e-08,1.0,0.6744899999999999,0,740,160.41275024414062,0.0,0.9399999976158142
2,gd,symmetric-door,logloss,0.5,1024,1,512,0.01,0.0,False,2000,100,22,10,25,1e-08,1.0,0.6744899999999999,0,1000,154.98495483398438,0.0,0.8999999761581421
3,gd,symmetric-door,logloss,0.5,1024,1,512,0.01,0.0,False,2000,100,22,10,26,1e-08,1.0,0.6744899999999999,0,1060,146.27133178710938,0.0,1.0399999618530271
4,gd,symmetric-door,logloss,0.5,1024,1,512,0.01,0.0,False,2000,100,22,10,27,1e-08,1.0,0.6744899999999999,0,738,163.0525360107422,0.0,1.0
5,gd,symmetric-door,logloss,0.5,1024,1,512,0.01,0.0,False,2000,100,22,10,28,1e-08,1.0,0.6744899999999999,0,771,161.1179656982422,0.0,0.8999999761581421
6,gd,symmetric-door,logloss,0.5,1024,1,512,0.01,0.0,False,2000,100,22,10,29,1e-08,1.0,0.6744899999999999,0,828,153.54225158691406,0.0,1.0399999618530271
7,gd,symmetric-door,logloss,0.5,1024,1,512,0.01,0.0,False,2000,100,22,10,30,1e-08,1.0,0.6744899999999999,0,974,148.0289306640625,0.0,0.8799999952316284
8,gd,symmetric-door,logloss,0.5,1024,1,512,0.01,0.0,False,2000,100,22,10,31,1e-08,1.0,0.6744899999999999,0,663,163.90101623535156,0.0,0.8799999952316284
9,gd,symmetric-door,logloss,0.5,1024,1,512,0.01,0.0,False,2000,100,22,10,32,1e-08,1.0,0.6744899999999999,0,832,157.6907958984375,0.0,0.9200000166893004
0,gd,symmetric-door,logloss,6.0,1024,1,6144,0.01,0.0,False,2000,100,32,10,33,1e-08,1.0,0.6744899999999999,0,5060,2540.062255859375,0.3359375,0.5
1,gd,symmetric-door,logloss,6.0,1024,1,6144,0.01,0.0,False,2000,100,32,10,34,1e-08,1.0,0.6744899999999999,0,5647,2540.735595703125,0.3424479067325592,0.5
2,gd,symmetric-door,logloss,6.0,1024,1,6144,0.01,0.0,False,2000,100,32,10,35,1e-08,1.0,0.6744899999999999,0,4611,2540.43408203125,0.3365885317325592,0.479999989271164
3,gd,symmetric-door,logloss,6.0,1024,1,6144,0.01,0.0,False,2000,100,32,10,36,1e-08,1.0,0.6744899999999999,0,8487,2539.99365234375,0.3434244692325592,0.479999989271164
4,gd,symmetric-door,logloss,6.0,1024,1,6144,0.01,0.0,False,2000,100,32,10,37,1e-08,1.0,0.6744899999999999,0,4132,2540.52783203125,0.3430989682674408,0.5
5,gd,symmetric-door,logloss,6.0,1024,1,6144,0.01,0.0,False,2000,100,32,10,38,1e-08,1.0,0.6744899999999999,0,4731,2541.17529296875,0.3404947817325592,0.5199999809265137
6,gd,symmetric-door,logloss,6.0,1024,1,6144,0.01,0.0,False,2000,100,32,10,39,1e-08,1.0,0.6744899999999999,0,8363,2540.001953125,0.3382161557674408,0.5
7,gd,symmetric-door,logloss,6.0,1024,1,6144,0.01,0.0,False,2000,100,32,10,40,1e-08,1.0,0.6744899999999999,0,5387,2540.134033203125,0.3401692807674408,0.5
8,gd,symmetric-door,logloss,6.0,1024,1,6144,0.01,0.0,False,2000,100,32,10,41,1e-08,1.0,0.6744899999999999,0,4725,2540.73388671875,0.341796875,0.479999989271164
9,gd,symmetric-door,logloss,6.0,1024,1,6144,0.01,0.0,False,2000,100,32,10,42,1e-08,1.0,0.6744899999999999,0,3492,3526.11328125,0.5426432490348816,1.100000023841858
0,gd,symmetric-door,logloss,3.0,1024,1,3072,0.01,0.0,False,2000,100,22,10,23,1e-08,1.0,0.6744899999999999,0,6128,1499.19384765625,0.3821614682674408,1.0399999618530271
1,gd,symmetric-door,logloss,3.0,1024,1,3072,0.01,0.0,False,2000,100,22,10,24,1e-08,1.0,0.6744899999999999,0,6522,1498.126708984375,0.4075520932674408,1.0399999618530271
2,gd,symmetric-door,logloss,3.0,1024,1,3072,0.01,0.0,False,2000,100,22,10,25,1e-08,1.0,0.6744899999999999,0,5796,1486.2132568359375,0.3912760317325592,0.7599999904632568
3,gd,symmetric-door,logloss,3.0,1024,1,3072,0.01,0.0,False,2000,100,22,10,26,1e-08,1.0,0.6744899999999999,0,13642,1494.467041015625,0.3919270932674408,0.9399999976158142
4,gd,symmetric-door,logloss,3.0,1024,1,3072,0.01,0.0,False,2000,100,22,10,27,1e-08,1.0,0.6744899999999999,0,11338,1502.78955078125,0.4173177182674408,0.8600000143051147
5,gd,symmetric-door,logloss,3.0,1024,1,3072,0.01,0.0,False,2000,100,22,10,28,1e-08,1.0,0.6744899999999999,0,6581,1518.993408203125,0.4016927182674408,0.8399999737739563
6,gd,symmetric-door,logloss,3.0,1024,1,3072,0.01,0.0,False,2000,100,22,10,29,1e-08,1.0,0.6744899999999999,0,5118,1521.100341796875,0.4010416567325592,1.0599999427795408
7,gd,symmetric-door,logloss,3.0,1024,1,3072,0.01,0.0,False,2000,100,22,10,30,1e-08,1.0,0.6744899999999999,0,13857,1515.595703125,0.3743489682674408,0.8000000119209291
8,gd,symmetric-door,logloss,3.0,1024,1,3072,0.01,0.0,False,2000,100,22,10,31,1e-08,1.0,0.6744899999999999,0,8626,1534.156005859375,0.4127604067325592,1.100000023841858
9,gd,symmetric-door,logloss,3.0,1024,1,3072,0.01,0.0,False,2000,100,22,10,32,1e-08,1.0,0.6744899999999999,0,6119,1522.9676513671875,0.427734375,0.9200000166893004
0,gd,symmetric-door,logloss,4.5,1024,1,4608,0.01,0.0,False,2000,100,32,10,33,1e-08,1.0,0.6744899999999999,0,4514,2497.982177734375,0.4822048544883728,0.7599999904632568
1,gd,symmetric-door,logloss,4.5,1024,1,4608,0.01,0.0,False,2000,100,32,10,34,1e-08,1.0,0.6744899999999999,0,5832,2518.831787109375,0.4743923544883728,1.0
2,gd,symmetric-door,logloss,4.5,1024,1,4608,0.01,0.0,False,2000,100,32,10,35,1e-08,1.0,0.6744899999999999,0,9170,2480.421142578125,0.4756944477558136,1.0599999427795408
3,gd,symmetric-door,logloss,4.5,1024,1,4608,0.01,0.0,False,2000,100,32,10,36,1e-08,1.0,0.6744899999999999,0,6028,2491.95947265625,0.4696180522441864,1.0
4,gd,symmetric-door,logloss,4.5,1024,1,4608,0.01,0.0,False,2000,100,32,10,37,1e-08,1.0,0.6744899999999999,0,4871,2509.223876953125,0.4778645932674408,1.0800000429153442
5,gd,symmetric-door,logloss,4.5,1024,1,4608,0.01,0.0,False,2000,100,32,10,38,1e-08,1.0,0.6744899999999999,0,8166,2459.73291015625,0.4752604067325592,0.8999999761581421
6,gd,symmetric-door,logloss,4.5,1024,1,4608,0.01,0.0,False,2000,100,32,10,39,1e-08,1.0,0.6744899999999999,0,8129,2489.006103515625,0.4678819477558136,1.0
7,gd,symmetric-door,logloss,4.5,1024,1,4608,0.01,0.0,False,2000,100,32,10,40,1e-08,1.0,0.6744899999999999,0,3489,2529.55419921875,0.4986979067325592,0.9800000190734864
8,gd,symmetric-door,logloss,4.5,1024,1,4608,0.01,0.0,False,2000,100,32,10,41,1e-08,1.0,0.6744899999999999,0,5744,2509.74609375,0.4748263955116272,1.0399999618530271
9,gd,symmetric-door,logloss,4.5,1024,1,4608,0.01,0.0,False,2000,100,32,10,42,1e-08,1.0,0.6744899999999999,0,6812,2509.76416015625,0.4826388955116272,0.9800000190734864
0,gd,symmetric-door,logloss,2.5,1024,1,2560,0.01,0.0,False,2000,100,32,10,33,1e-08,1.0,0.6744899999999999,0,9502,1221.433349609375,0.3609375059604645,1.1599999666213991
1,gd,symmetric-door,logloss,2.5,1024,1,2560,0.01,0.0,False,2000,100,32,10,34,1e-08,1.0,0.6744899999999999,0,6154,1240.75048828125,0.3804687559604645,1.100000023841858
2,gd,symmetric-door,logloss,2.5,1024,1,2560,0.01,0.0,False,2000,100,32,10,35,1e-08,1.0,0.6744899999999999,0,12292,1207.519287109375,0.36406248807907104,0.9399999976158142
3,gd,symmetric-door,logloss,2.5,1024,1,2560,0.01,0.0,False,2000,100,32,10,36,1e-08,1.0,0.6744899999999999,0,7729,1212.2978515625,0.3687500059604645,0.959999978542328
4,gd,symmetric-door,logloss,2.5,1024,1,2560,0.01,0.0,False,2000,100,32,10,37,1e-08,1.0,0.6744899999999999,0,9569,1209.5052490234375,0.36640626192092896,1.2200000286102295
5,gd,symmetric-door,logloss,2.5,1024,1,2560,0.01,0.0,False,2000,100,32,10,38,1e-08,1.0,0.6744899999999999,0,6793,1248.398193359375,0.4140625,1.0399999618530271
6,gd,symmetric-door,logloss,2.5,1024,1,2560,0.01,0.0,False,2000,100,32,10,39,1e-08,1.0,0.6744899999999999,0,10686,1197.651611328125,0.3617187440395355,1.100000023841858
7,gd,symmetric-door,logloss,2.5,1024,1,2560,0.01,0.0,False,2000,100,32,10,40,1e-08,1.0,0.6744899999999999,0,8686,1185.103759765625,0.33671873807907104,1.0399999618530271
8,gd,symmetric-door,logloss,2.5,1024,1,2560,0.01,0.0,False,2000,100,32,10,41,1e-08,1.0,0.6744899999999999,0,9902,1233.635009765625,0.3804687559604645,1.0
9,gd,symmetric-door,logloss,2.5,1024,1,2560,0.01,0.0,False,2000,100,32,10,42,1e-08,1.0,0.6744899999999999,0,9354,1231.8555908203125,0.3804687559604645,1.0599999427795408
0,gd,symmetric-door,logloss,3.0,1024,1,3072,0.01,0.0,False,2000,100,32,10,33,1e-08,1.0,0.6744899999999999,0,9256,1555.74072265625,0.4329427182674408,0.8799999952316284
1,gd,symmetric-door,logloss,3.0,1024,1,3072,0.01,0.0,False,2000,100,32,10,34,1e-08,1.0,0.6744899999999999,0,9269,1488.55712890625,0.404296875,0.9399999976158142
2,gd,symmetric-door,logloss,3.0,1024,1,3072,0.01,0.0,False,2000,100,32,10,35,1e-08,1.0,0.6744899999999999,0,5351,1565.648193359375,0.41796875,1.0599999427795408
3,gd,symmetric-door,logloss,3.0,1024,1,3072,0.01,0.0,False,2000,100,32,10,36,1e-08,1.0,0.6744899999999999,0,6310,1508.5260009765625,0.41015625,0.9399999976158142
4,gd,symmetric-door,logloss,3.0,1024,1,3072,0.01,0.0,False,2000,100,32,10,37,1e-08,1.0,0.6744899999999999,0,8326,1519.087646484375,0.4029947817325592,1.0599999427795408
5,gd,symmetric-door,logloss,3.0,1024,1,3072,0.01,0.0,False,2000,100,32,10,38,1e-08,1.0,0.6744899999999999,0,14021,1518.3074951171875,0.3990885317325592,0.8600000143051147
6,gd,symmetric-door,logloss,3.0,1024,1,3072,0.01,0.0,False,2000,100,32,10,39,1e-08,1.0,0.6744899999999999,0,6272,1545.057373046875,0.3971354067325592,0.9200000166893004
7,gd,symmetric-door,logloss,3.0,1024,1,3072,0.01,0.0,False,2000,100,32,10,40,1e-08,1.0,0.6744899999999999,0,10783,1513.6815185546875,0.3880208432674408,0.9800000190734864
8,gd,symmetric-door,logloss,3.0,1024,1,3072,0.01,0.0,False,2000,100,32,10,41,1e-08,1.0,0.6744899999999999,0,8987,1551.72119140625,0.4173177182674408,1.0399999618530271
9,gd,symmetric-door,logloss,3.0,1024,1,3072,0.01,0.0,False,2000,100,32,10,42,1e-08,1.0,0.6744899999999999,0,5162,1535.7783203125,0.4029947817325592,0.9800000190734864
0,gd,symmetric-door,logloss,2.0,1024,1,2048,0.01,0.0,False,2000,100,32,10,33,1e-08,1.0,0.6744899999999999,0,15749,865.567138671875,0.302734375,1.0
1,gd,symmetric-door,logloss,2.0,1024,1,2048,0.01,0.0,False,2000,100,32,10,34,1e-08,1.0,0.6744899999999999,0,14470,873.5579223632812,0.2919921875,0.8999999761581421
2,gd,symmetric-door,logloss,2.0,1024,1,2048,0.01,0.0,False,2000,100,32,10,35,1e-08,1.0,0.6744899999999999,0,19128,852.9585571289062,0.2880859375,1.0
3,gd,symmetric-door,logloss,2.0,1024,1,2048,0.01,0.0,False,2000,100,32,10,36,1e-08,1.0,0.6744899999999999,0,14714,841.7267456054688,0.2802734375,1.0599999427795408
4,gd,symmetric-door,logloss,2.0,1024,1,2048,0.01,0.0,False,2000,100,32,10,37,1e-08,1.0,0.6744899999999999,0,17419,848.6024169921875,0.2958984375,1.0800000429153442
5,gd,symmetric-door,logloss,2.0,1024,1,2048,0.01,0.0,False,2000,100,32,10,38,1e-08,1.0,0.6744899999999999,0,17781,832.5860595703125,0.2900390625,1.0800000429153442
6,gd,symmetric-door,logloss,2.0,1024,1,2048,0.01,0.0,False,2000,100,32,10,39,1e-08,1.0,0.6744899999999999,0,13497,863.2086791992188,0.2958984375,1.0199999809265137
7,gd,symmetric-door,logloss,2.0,1024,1,2048,0.01,0.0,False,2000,100,32,10,40,1e-08,1.0,0.6744899999999999,0,20002,872.4659423828125,0.3037109375,1.0
8,gd,symmetric-door,logloss,2.0,1024,1,2048,0.01,0.0,False,2000,100,32,10,41,1e-08,1.0,0.6744899999999999,0,16378,851.2310180664062,0.3037109375,0.9399999976158142
9,gd,symmetric-door,logloss,2.0,1024,1,2048,0.01,0.0,False,2000,100,32,10,42,1e-08,1.0,0.6744899999999999,0,20002,823.3705444335938,0.2919921875,0.9800000190734864
0,gd,symmetric-door,logloss,3.5,1024,1,3584,0.01,0.0,False,2000,100,32,10,33,1e-08,1.0,0.6744899999999999,0,6637,1820.7379150390625,0.4196428656578064,0.8999999761581421
1,gd,symmetric-door,logloss,3.5,1024,1,3584,0.01,0.0,False,2000,100,32,10,34,1e-08,1.0,0.6744899999999999,0,5534,1851.734375,0.4425223171710968,0.959999978542328
2,gd,symmetric-door,logloss,3.5,1024,1,3584,0.01,0.0,False,2000,100,32,10,35,1e-08,1.0,0.6744899999999999,0,5299,1837.239501953125,0.4375,1.100000023841858
3,gd,symmetric-door,logloss,3.5,1024,1,3584,0.01,0.0,False,2000,100,32,10,36,1e-08,1.0,0.6744899999999999,0,6294,1858.4176025390625,0.4397321343421936,0.9399999976158142
4,gd,symmetric-door,logloss,3.5,1024,1,3584,0.01,0.0,False,2000,100,32,10,37,1e-08,1.0,0.6744899999999999,0,7818,1830.890380859375,0.4229910671710968,0.9800000190734864
5,gd,symmetric-door,logloss,3.5,1024,1,3584,0.01,0.0,False,2000,100,32,10,38,1e-08,1.0,0.6744899999999999,0,6151,1836.8106689453125,0.4207589328289032,0.959999978542328
6,gd,symmetric-door,logloss,3.5,1024,1,3584,0.01,0.0,False,2000,100,32,10,39,1e-08,1.0,0.6744899999999999,0,5733,1804.373779296875,0.4380580484867096,0.8799999952316284
7,gd,symmetric-door,logloss,3.5,1024,1,3584,0.01,0.0,False,2000,100,32,10,40,1e-08,1.0,0.6744899999999999,0,9268,1831.4398193359373,0.4241071343421936,0.8799999952316284
8,gd,symmetric-door,logloss,3.5,1024,1,3584,0.01,0.0,False,2000,100,32,10,41,1e-08,1.0,0.6744899999999999,0,5939,1808.068603515625,0.4151785671710968,0.8600000143051147
9,gd,symmetric-door,logloss,3.5,1024,1,3584,0.01,0.0,False,2000,100,32,10,42,1e-08,1.0,0.6744899999999999,0,4945,1862.5997314453125,0.4486607015132904,0.7599999904632568
0,gd,symmetric-door,logloss,4.0,1024,1,4096,0.01,0.0,False,2000,100,32,10,33,1e-08,1.0,0.6744899999999999,0,5445,2201.025390625,0.47119140625,0.8600000143051147
1,gd,symmetric-door,logloss,4.0,1024,1,4096,0.01,0.0,False,2000,100,32,10,34,1e-08,1.0,0.6744899999999999,0,4111,2214.481689453125,0.4794921875,0.9800000190734864
2,gd,symmetric-door,logloss,4.0,1024,1,4096,0.01,0.0,False,2000,100,32,10,35,1e-08,1.0,0.6744899999999999,0,4345,2196.49169921875,0.46875,0.9200000166893004
3,gd,symmetric-door,logloss,4.0,1024,1,4096,0.01,0.0,False,2000,100,32,10,36,1e-08,1.0,0.6744899999999999,0,5146,2196.213134765625,0.45849609375,0.8199999928474426
4,gd,symmetric-door,logloss,4.0,1024,1,4096,0.01,0.0,False,2000,100,32,10,37,1e-08,1.0,0.6744899999999999,0,5926,2158.53125,0.44482421875,0.9399999976158142
5,gd,symmetric-door,logloss,4.0,1024,1,4096,0.01,0.0,False,2000,100,32,10,38,1e-08,1.0,0.6744899999999999,0,9497,2122.46044921875,0.451171875,0.959999978542328
6,gd,symmetric-door,logloss,4.0,1024,1,4096,0.01,0.0,False,2000,100,32,10,39,1e-08,1.0,0.6744899999999999,0,5423,2165.890625,0.4560546875,0.9200000166893004
7,gd,symmetric-door,logloss,4.0,1024,1,4096,0.01,0.0,False,2000,100,32,10,40,1e-08,1.0,0.6744899999999999,0,5036,2178.332275390625,0.4453125,0.9200000166893004
8,gd,symmetric-door,logloss,4.0,1024,1,4096,0.01,0.0,False,2000,100,32,10,41,1e-08,1.0,0.6744899999999999,0,5308,2213.647216796875,0.49072265625,1.0
9,gd,symmetric-door,logloss,4.0,1024,1,4096,0.01,0.0,False,2000,100,32,10,42,1e-08,1.0,0.6744899999999999,0,5942,2190.20556640625,0.4619140625,0.9200000166893004
0,gd,symmetric-door,logloss,8.0,1024,1,8192,0.01,0.0,False,2000,100,32,10,33,1e-08,1.0,0.6744899999999999,0,3571,3427.20263671875,0.3759765625,0.4000000059604645
1,gd,symmetric-door,logloss,8.0,1024,1,8192,0.01,0.0,False,2000,100,32,10,34,1e-08,1.0,0.6744899999999999,0,3317,3427.513671875,0.37158203125,0.41999998688697815
2,gd,symmetric-door,logloss,8.0,1024,1,8192,0.01,0.0,False,2000,100,32,10,35,1e-08,1.0,0.6744899999999999,0,3333,3427.763916015625,0.3740234375,0.4399999976158142
3,gd,symmetric-door,logloss,8.0,1024,1,8192,0.01,0.0,False,2000,100,32,10,36,1e-08,1.0,0.6744899999999999,0,2956,3427.908203125,0.373779296875,0.41999998688697815
4,gd,symmetric-door,logloss,8.0,1024,1,8192,0.01,0.0,False,2000,100,32,10,37,1e-08,1.0,0.6744899999999999,0,3584,3427.407470703125,0.37255859375,0.41999998688697815
5,gd,symmetric-door,logloss,8.0,1024,1,8192,0.01,0.0,False,2000,100,32,10,38,1e-08,1.0,0.6744899999999999,0,3959,3427.4072265625,0.372802734375,0.41999998688697815
6,gd,symmetric-door,logloss,8.0,1024,1,8192,0.01,0.0,False,2000,100,32,10,39,1e-08,1.0,0.6744899999999999,0,3583,3427.69970703125,0.371337890625,0.41999998688697815
7,gd,symmetric-door,logloss,8.0,1024,1,8192,0.01,0.0,False,2000,100,32,10,40,1e-08,1.0,0.6744899999999999,0,3315,3427.57275390625,0.37255859375,0.41999998688697815
8,gd,symmetric-door,logloss,8.0,1024,1,8192,0.01,0.0,False,2000,100,32,10,41,1e-08,1.0,0.6744899999999999,0,6436,3427.6943359375,0.37158203125,0.41999998688697815
9,gd,symmetric-door,logloss,8.0,1024,1,8192,0.01,0.0,False,2000,100,32,10,42,1e-08,1.0,0.6744899999999999,0,4011,3427.224853515625,0.376708984375,0.4000000059604645
0,gd,symmetric-door,logloss,4.5,1024,1,4608,0.01,0.0,False,2000,100,22,10,23,1e-08,1.0,0.6744899999999999,0,11389,1813.3192138671875,0.3211805522441864,0.5199999809265137
1,gd,symmetric-door,logloss,4.5,1024,1,4608,0.01,0.0,False,2000,100,22,10,24,1e-08,1.0,0.6744899999999999,0,6306,2482.63037109375,0.47265625,0.8999999761581421
2,gd,symmetric-door,logloss,4.5,1024,1,4608,0.01,0.0,False,2000,100,22,10,25,1e-08,1.0,0.6744899999999999,0,7099,2499.053466796875,0.48828125,1.0399999618530271
3,gd,symmetric-door,logloss,4.5,1024,1,4608,0.01,0.0,False,2000,100,22,10,26,1e-08,1.0,0.6744899999999999,0,4915,2524.521240234375,0.4765625,1.0399999618530271
4,gd,symmetric-door,logloss,4.5,1024,1,4608,0.01,0.0,False,2000,100,22,10,27,1e-08,1.0,0.6744899999999999,0,5854,2390.79052734375,0.4444444477558136,0.9399999976158142
5,gd,symmetric-door,logloss,4.5,1024,1,4608,0.01,0.0,False,2000,100,22,10,28,1e-08,1.0,0.6744899999999999,0,4674,2518.3046875,0.4986979067325592,1.0
6,gd,symmetric-door,logloss,4.5,1024,1,4608,0.01,0.0,False,2000,100,22,10,29,1e-08,1.0,0.6744899999999999,0,5723,2377.2626953125,0.44140625,0.9399999976158142
7,gd,symmetric-door,logloss,4.5,1024,1,4608,0.01,0.0,False,2000,100,22,10,30,1e-08,1.0,0.6744899999999999,0,3661,2547.80615234375,0.5082465410232544,0.9399999976158142
8,gd,symmetric-door,logloss,4.5,1024,1,4608,0.01,0.0,False,2000,100,22,10,31,1e-08,1.0,0.6744899999999999,0,4507,2549.1689453125,0.4917534589767456,0.959999978542328
9,gd,symmetric-door,logloss,4.5,1024,1,4608,0.01,0.0,False,2000,100,22,10,32,1e-08,1.0,0.6744899999999999,0,3656,2499.279541015625,0.4917534589767456,0.9800000190734864
0,gd,symmetric-door,logloss,6.5,1024,1,6656,0.01,0.0,False,2000,100,32,10,33,1e-08,1.0,0.6744899999999999,0,4892,3865.9228515625,0.5597956776618958,1.100000023841858
1,gd,symmetric-door,logloss,6.5,1024,1,6656,0.01,0.0,False,2000,100,32,10,34,1e-08,1.0,0.6744899999999999,0,9581,2741.458984375,0.35036057233810425,0.3400000035762787
2,gd,symmetric-door,logloss,6.5,1024,1,6656,0.01,0.0,False,2000,100,32,10,35,1e-08,1.0,0.6744899999999999,0,4000,2741.03662109375,0.3500601053237915,0.3400000035762787
3,gd,symmetric-door,logloss,6.5,1024,1,6656,0.01,0.0,False,2000,100,32,10,36,1e-08,1.0,0.6744899999999999,0,8010,3839.1201171875,0.5357571840286255,0.959999978542328
4,gd,symmetric-door,logloss,6.5,1024,1,6656,0.01,0.0,False,2000,100,32,10,37,1e-08,1.0,0.6744899999999999,0,6575,2741.02880859375,0.3527644276618957,0.36000001430511475
5,gd,symmetric-door,logloss,6.5,1024,1,6656,0.01,0.0,False,2000,100,32,10,38,1e-08,1.0,0.6744899999999999,0,3378,2741.5908203125,0.3527644276618957,0.36000001430511475
6,gd,symmetric-door,logloss,6.5,1024,1,6656,0.01,0.0,False,2000,100,32,10,39,1e-08,1.0,0.6744899999999999,0,3132,2740.92138671875,0.3509615361690521,0.3799999952316284
7,gd,symmetric-door,logloss,6.5,1024,1,6656,0.01,0.0,False,2000,100,32,10,40,1e-08,1.0,0.6744899999999999,0,4516,2740.970458984375,0.35186296701431274,0.3799999952316284
8,gd,symmetric-door,logloss,6.5,1024,1,6656,0.01,0.0,False,2000,100,32,10,41,1e-08,1.0,0.6744899999999999,0,5412,2740.173828125,0.34945914149284363,0.36000001430511475
9,gd,symmetric-door,logloss,6.5,1024,1,6656,0.01,0.0,False,2000,100,32,10,42,1e-08,1.0,0.6744899999999999,0,7286,2741.035400390625,0.3521634638309479,0.36000001430511475
0,gd,symmetric-door,logloss,5.0,1024,1,5120,0.01,0.0,False,2000,100,22,10,23,1e-08,1.0,0.6744899999999999,0,6008,2058.446533203125,0.33906251192092896,0.5600000023841858
1,gd,symmetric-door,logloss,5.0,1024,1,5120,0.01,0.0,False,2000,100,22,10,24,1e-08,1.0,0.6744899999999999,0,7193,2860.40625,0.5023437738418579,0.959999978542328
2,gd,symmetric-door,logloss,5.0,1024,1,5120,0.01,0.0,False,2000,100,22,10,25,1e-08,1.0,0.6744899999999999,0,5700,2765.3076171875,0.464062511920929,1.0399999618530271
3,gd,symmetric-door,logloss,5.0,1024,1,5120,0.01,0.0,False,2000,100,22,10,26,1e-08,1.0,0.6744899999999999,0,3018,2841.92431640625,0.50390625,1.0599999427795408
4,gd,symmetric-door,logloss,5.0,1024,1,5120,0.01,0.0,False,2000,100,22,10,27,1e-08,1.0,0.6744899999999999,0,6411,2783.478759765625,0.4765625,0.9200000166893004
5,gd,symmetric-door,logloss,5.0,1024,1,5120,0.01,0.0,False,2000,100,22,10,28,1e-08,1.0,0.6744899999999999,0,6778,2788.996337890625,0.489453136920929,1.0199999809265137
6,gd,symmetric-door,logloss,5.0,1024,1,5120,0.01,0.0,False,2000,100,22,10,29,1e-08,1.0,0.6744899999999999,0,11338,2634.78369140625,0.4605468809604645,0.8999999761581421
7,gd,symmetric-door,logloss,5.0,1024,1,5120,0.01,0.0,False,2000,100,22,10,30,1e-08,1.0,0.6744899999999999,0,6412,2859.701171875,0.50390625,1.0
8,gd,symmetric-door,logloss,5.0,1024,1,5120,0.01,0.0,False,2000,100,22,10,31,1e-08,1.0,0.6744899999999999,0,10947,2730.42041015625,0.4917968809604645,0.8199999928474426
9,gd,symmetric-door,logloss,5.0,1024,1,5120,0.01,0.0,False,2000,100,22,10,32,1e-08,1.0,0.6744899999999999,0,3582,2905.292724609375,0.5179687738418579,1.0
0,gd,symmetric-door,logloss,0.5,1024,1,512,0.01,0.0,False,2000,100,32,10,33,1e-08,1.0,0.6744899999999999,0,969,154.9030303955078,0.0,1.0800000429153442
1,gd,symmetric-door,logloss,0.5,1024,1,512,0.01,0.0,False,2000,100,32,10,34,1e-08,1.0,0.6744899999999999,0,641,165.03448486328125,0.0,1.0599999427795408
2,gd,symmetric-door,logloss,0.5,1024,1,512,0.01,0.0,False,2000,100,32,10,35,1e-08,1.0,0.6744899999999999,0,894,155.4849853515625,0.0,0.8600000143051147
3,gd,symmetric-door,logloss,0.5,1024,1,512,0.01,0.0,False,2000,100,32,10,36,1e-08,1.0,0.6744899999999999,0,898,158.66806030273438,0.0,0.8799999952316284
4,gd,symmetric-door,logloss,0.5,1024,1,512,0.01,0.0,False,2000,100,32,10,37,1e-08,1.0,0.6744899999999999,0,895,155.75424194335938,0.0,1.0399999618530271
5,gd,symmetric-door,logloss,0.5,1024,1,512,0.01,0.0,False,2000,100,32,10,38,1e-08,1.0,0.6744899999999999,0,1437,139.41770935058594,0.0,1.0199999809265137
6,gd,symmetric-door,logloss,0.5,1024,1,512,0.01,0.0,False,2000,100,32,10,39,1e-08,1.0,0.6744899999999999,0,798,156.86326599121094,0.0,1.1599999666213991
7,gd,symmetric-door,logloss,0.5,1024,1,512,0.01,0.0,False,2000,100,32,10,40,1e-08,1.0,0.6744899999999999,0,989,150.70953369140625,0.0,1.0199999809265137
8,gd,symmetric-door,logloss,0.5,1024,1,512,0.01,0.0,False,2000,100,32,10,41,1e-08,1.0,0.6744899999999999,0,1002,156.5782012939453,0.0,0.9399999976158142
9,gd,symmetric-door,logloss,0.5,1024,1,512,0.01,0.0,False,2000,100,32,10,42,1e-08,1.0,0.6744899999999999,0,1273,141.61878967285156,0.0,0.9800000190734864
0,gd,symmetric-door,logloss,1.0,1024,1,1024,0.01,0.0,False,2000,100,32,10,33,1e-08,1.0,0.6744899999999999,0,6527,256.35076904296875,0.0,0.9399999976158142
1,gd,symmetric-door,logloss,1.0,1024,1,1024,0.01,0.0,False,2000,100,32,10,34,1e-08,1.0,0.6744899999999999,0,7707,256.34353637695307,0.0,0.8999999761581421
2,gd,symmetric-door,logloss,1.0,1024,1,1024,0.01,0.0,False,2000,100,32,10,35,1e-08,1.0,0.6744899999999999,0,6709,251.93084716796875,0.0,0.9200000166893004
3,gd,symmetric-door,logloss,1.0,1024,1,1024,0.01,0.0,False,2000,100,32,10,36,1e-08,1.0,0.6744899999999999,0,6147,257.810546875,0.0,0.8600000143051147
4,gd,symmetric-door,logloss,1.0,1024,1,1024,0.01,0.0,False,2000,100,32,10,37,1e-08,1.0,0.6744899999999999,0,5705,254.8839874267578,0.0,0.9399999976158142
5,gd,symmetric-door,logloss,1.0,1024,1,1024,0.01,0.0,False,2000,100,32,10,38,1e-08,1.0,0.6744899999999999,0,6981,251.7835235595703,0.0,0.8999999761581421
6,gd,symmetric-door,logloss,1.0,1024,1,1024,0.01,0.0,False,2000,100,32,10,39,1e-08,1.0,0.6744899999999999,0,6997,252.1509246826172,0.0,0.9399999976158142
7,gd,symmetric-door,logloss,1.0,1024,1,1024,0.01,0.0,False,2000,100,32,10,40,1e-08,1.0,0.6744899999999999,0,7337,252.89312744140625,0.0,1.0599999427795408
8,gd,symmetric-door,logloss,1.0,1024,1,1024,0.01,0.0,False,2000,100,32,10,41,1e-08,1.0,0.6744899999999999,0,5733,271.42373657226557,0.0,0.9800000190734864
9,gd,symmetric-door,logloss,1.0,1024,1,1024,0.01,0.0,False,2000,100,32,10,42,1e-08,1.0,0.6744899999999999,0,5188,264.1304931640625,0.0,0.9800000190734864
0,gd,symmetric-door,logloss,5.0,1024,1,5120,0.01,0.0,False,2000,100,32,10,33,1e-08,1.0,0.6744899999999999,0,5308,2877.13525390625,0.490234375,1.0599999427795408
1,gd,symmetric-door,logloss,5.0,1024,1,5120,0.01,0.0,False,2000,100,32,10,34,1e-08,1.0,0.6744899999999999,0,5293,2861.364501953125,0.513671875,1.0800000429153442
2,gd,symmetric-door,logloss,5.0,1024,1,5120,0.01,0.0,False,2000,100,32,10,35,1e-08,1.0,0.6744899999999999,0,6876,2074.80517578125,0.32343751192092896,0.6800000071525574
3,gd,symmetric-door,logloss,5.0,1024,1,5120,0.01,0.0,False,2000,100,32,10,36,1e-08,1.0,0.6744899999999999,0,6365,2854.48779296875,0.492968738079071,0.8799999952316284
4,gd,symmetric-door,logloss,5.0,1024,1,5120,0.01,0.0,False,2000,100,32,10,37,1e-08,1.0,0.6744899999999999,0,8661,2689.34423828125,0.4789062440395355,1.0199999809265137
5,gd,symmetric-door,logloss,5.0,1024,1,5120,0.01,0.0,False,2000,100,32,10,38,1e-08,1.0,0.6744899999999999,0,4312,2862.541015625,0.4976562559604645,0.8600000143051147
6,gd,symmetric-door,logloss,5.0,1024,1,5120,0.01,0.0,False,2000,100,32,10,39,1e-08,1.0,0.6744899999999999,0,8605,2686.924072265625,0.4574218690395355,0.9200000166893004
7,gd,symmetric-door,logloss,5.0,1024,1,5120,0.01,0.0,False,2000,100,32,10,40,1e-08,1.0,0.6744899999999999,0,5280,2077.986328125,0.3277343809604645,0.6600000262260437
8,gd,symmetric-door,logloss,5.0,1024,1,5120,0.01,0.0,False,2000,100,32,10,41,1e-08,1.0,0.6744899999999999,0,4130,2867.671142578125,0.5269531011581421,0.9200000166893004
9,gd,symmetric-door,logloss,5.0,1024,1,5120,0.01,0.0,False,2000,100,32,10,42,1e-08,1.0,0.6744899999999999,0,5589,2824.12255859375,0.482421875,0.8999999761581421
0,gd,symmetric-door,logloss,6.5,1024,1,6656,0.01,0.0,False,2000,100,22,10,23,1e-08,1.0,0.6744899999999999,0,2684,2768.03662109375,0.3545673191547394,0.5799999833106995
1,gd,symmetric-door,logloss,6.5,1024,1,6656,0.01,0.0,False,2000,100,22,10,24,1e-08,1.0,0.6744899999999999,0,6135,3895.16650390625,0.5420672893524171,0.8600000143051147
2,gd,symmetric-door,logloss,6.5,1024,1,6656,0.01,0.0,False,2000,100,22,10,25,1e-08,1.0,0.6744899999999999,0,4518,2767.934326171875,0.3545673191547394,0.5600000023841858
3,gd,symmetric-door,logloss,6.5,1024,1,6656,0.01,0.0,False,2000,100,22,10,26,1e-08,1.0,0.6744899999999999,0,3095,2768.390625,0.3560697138309479,0.5799999833106995
4,gd,symmetric-door,logloss,6.5,1024,1,6656,0.01,0.0,False,2000,100,22,10,27,1e-08,1.0,0.6744899999999999,0,3337,2767.47998046875,0.3566706776618957,0.5600000023841858
5,gd,symmetric-door,logloss,6.5,1024,1,6656,0.01,0.0,False,2000,100,22,10,28,1e-08,1.0,0.6744899999999999,0,6426,2768.677490234375,0.3548677861690521,0.5600000023841858
6,gd,symmetric-door,logloss,6.5,1024,1,6656,0.01,0.0,False,2000,100,22,10,29,1e-08,1.0,0.6744899999999999,0,4149,2768.14990234375,0.3500601053237915,0.6000000238418579
7,gd,symmetric-door,logloss,6.5,1024,1,6656,0.01,0.0,False,2000,100,22,10,30,1e-08,1.0,0.6744899999999999,0,4178,3931.993896484375,0.57421875,1.1799999475479126
8,gd,symmetric-door,logloss,6.5,1024,1,6656,0.01,0.0,False,2000,100,22,10,31,1e-08,1.0,0.6744899999999999,0,6704,2768.4638671875,0.3527644276618957,0.5799999833106995
9,gd,symmetric-door,logloss,6.5,1024,1,6656,0.01,0.0,False,2000,100,22,10,32,1e-08,1.0,0.6744899999999999,0,4217,2769.33447265625,0.35186296701431274,0.5600000023841858
0,gd,symmetric-door,logloss,8.0,1024,1,8192,0.01,0.0,False,2000,100,22,10,23,1e-08,1.0,0.6744899999999999,0,2830,3358.655029296875,0.360595703125,0.5
1,gd,symmetric-door,logloss,8.0,1024,1,8192,0.01,0.0,False,2000,100,22,10,24,1e-08,1.0,0.6744899999999999,0,4122,3358.65625,0.361083984375,0.5
2,gd,symmetric-door,logloss,8.0,1024,1,8192,0.01,0.0,False,2000,100,22,10,25,1e-08,1.0,0.6744899999999999,0,2598,3358.662109375,0.3603515625,0.5
3,gd,symmetric-door,logloss,8.0,1024,1,8192,0.01,0.0,False,2000,100,22,10,26,1e-08,1.0,0.6744899999999999,0,4907,3358.64990234375,0.36083984375,0.5
4,gd,symmetric-door,logloss,8.0,1024,1,8192,0.01,0.0,False,2000,100,22,10,27,1e-08,1.0,0.6744899999999999,0,3095,3358.64794921875,0.36083984375,0.5
5,gd,symmetric-door,logloss,8.0,1024,1,8192,0.01,0.0,False,2000,100,22,10,28,1e-08,1.0,0.6744899999999999,0,3291,3358.634765625,0.361083984375,0.5
6,gd,symmetric-door,logloss,8.0,1024,1,8192,0.01,0.0,False,2000,100,22,10,29,1e-08,1.0,0.6744899999999999,0,3622,3358.645751953125,0.361083984375,0.5
7,gd,symmetric-door,logloss,8.0,1024,1,8192,0.01,0.0,False,2000,100,22,10,30,1e-08,1.0,0.6744899999999999,0,6350,4880.349609375,0.603271484375,0.9399999976158142
8,gd,symmetric-door,logloss,8.0,1024,1,8192,0.01,0.0,False,2000,100,22,10,31,1e-08,1.0,0.6744899999999999,0,4698,3358.662841796875,0.361083984375,0.5
9,gd,symmetric-door,logloss,8.0,1024,1,8192,0.01,0.0,False,2000,100,22,10,32,1e-08,1.0,0.6744899999999999,0,4472,3358.690673828125,0.361083984375,0.5
0,gd,symmetric-door,logloss,5.5,1024,1,5632,0.01,0.0,False,2000,100,22,10,23,1e-08,1.0,0.6744899999999999,0,6651,2297.294189453125,0.33984375,0.4399999976158142
1,gd,symmetric-door,logloss,5.5,1024,1,5632,0.01,0.0,False,2000,100,22,10,24,1e-08,1.0,0.6744899999999999,0,3707,3205.99267578125,0.5202414989471436,0.8600000143051147
2,gd,symmetric-door,logloss,5.5,1024,1,5632,0.01,0.0,False,2000,100,22,10,25,1e-08,1.0,0.6744899999999999,0,5408,2299.379638671875,0.34268465638160706,0.479999989271164
3,gd,symmetric-door,logloss,5.5,1024,1,5632,0.01,0.0,False,2000,100,22,10,26,1e-08,1.0,0.6744899999999999,0,4350,3045.015625,0.477627843618393,0.9399999976158142
4,gd,symmetric-door,logloss,5.5,1024,1,5632,0.01,0.0,False,2000,100,22,10,27,1e-08,1.0,0.6744899999999999,0,7396,2298.1552734375,0.33913353085517883,0.5199999809265137
5,gd,symmetric-door,logloss,5.5,1024,1,5632,0.01,0.0,False,2000,100,22,10,28,1e-08,1.0,0.6744899999999999,0,6110,2296.219482421875,0.3433948755264282,0.5
6,gd,symmetric-door,logloss,5.5,1024,1,5632,0.01,0.0,False,2000,100,22,10,29,1e-08,1.0,0.6744899999999999,0,5001,2295.881103515625,0.3423295319080353,0.479999989271164
7,gd,symmetric-door,logloss,5.5,1024,1,5632,0.01,0.0,False,2000,100,22,10,30,1e-08,1.0,0.6744899999999999,0,8768,2295.955810546875,0.3412642180919647,0.479999989271164
8,gd,symmetric-door,logloss,5.5,1024,1,5632,0.01,0.0,False,2000,100,22,10,31,1e-08,1.0,0.6744899999999999,0,6250,3217.290283203125,0.5372869372367859,1.0399999618530271
9,gd,symmetric-door,logloss,5.5,1024,1,5632,0.01,0.0,False,2000,100,22,10,32,1e-08,1.0,0.6744899999999999,0,6226,3126.419677734375,0.5113636255264282,0.8199999928474426
0,gd,symmetric-door,logloss,3.5,1024,1,3584,0.01,0.0,False,2000,100,22,10,23,1e-08,1.0,0.6744899999999999,0,12930,1838.998779296875,0.4268973171710968,0.7599999904632568
1,gd,symmetric-door,logloss,3.5,1024,1,3584,0.01,0.0,False,2000,100,22,10,24,1e-08,1.0,0.6744899999999999,0,7381,1872.50048828125,0.4436383843421936,0.959999978542328
2,gd,symmetric-door,logloss,3.5,1024,1,3584,0.01,0.0,False,2000,100,22,10,25,1e-08,1.0,0.6744899999999999,0,5509,1847.494140625,0.4475446343421936,0.9200000166893004
3,gd,symmetric-door,logloss,3.5,1024,1,3584,0.01,0.0,False,2000,100,22,10,26,1e-08,1.0,0.6744899999999999,0,6600,1802.2745361328125,0.421875,0.7599999904632568
4,gd,symmetric-door,logloss,3.5,1024,1,3584,0.01,0.0,False,2000,100,22,10,27,1e-08,1.0,0.6744899999999999,0,6994,1773.9130859375,0.4012276828289032,0.959999978542328
5,gd,symmetric-door,logloss,3.5,1024,1,3584,0.01,0.0,False,2000,100,22,10,28,1e-08,1.0,0.6744899999999999,0,5409,1854.634765625,0.4341517984867096,1.0599999427795408
6,gd,symmetric-door,logloss,3.5,1024,1,3584,0.01,0.0,False,2000,100,22,10,29,1e-08,1.0,0.6744899999999999,0,5213,1885.3270263671875,0.4525669515132904,0.8799999952316284
7,gd,symmetric-door,logloss,3.5,1024,1,3584,0.01,0.0,False,2000,100,22,10,30,1e-08,1.0,0.6744899999999999,0,5397,1846.0657958984373,0.4397321343421936,0.9399999976158142
8,gd,symmetric-door,logloss,3.5,1024,1,3584,0.01,0.0,False,2000,100,22,10,31,1e-08,1.0,0.6744899999999999,0,7453,1857.18994140625,0.4296875,0.9399999976158142
9,gd,symmetric-door,logloss,3.5,1024,1,3584,0.01,0.0,False,2000,100,22,10,32,1e-08,1.0,0.6744899999999999,0,4935,1844.165283203125,0.42578125,0.8600000143051147
0,gd,symmetric-door,logloss,6.0,1024,1,6144,0.01,0.0,False,2000,100,22,10,23,1e-08,1.0,0.6744899999999999,0,3495,2473.083984375,0.3460286557674408,0.6600000262260437
1,gd,symmetric-door,logloss,6.0,1024,1,6144,0.01,0.0,False,2000,100,22,10,24,1e-08,1.0,0.6744899999999999,0,6492,2473.2431640625,0.3463541567325592,0.6200000047683716
2,gd,symmetric-door,logloss,6.0,1024,1,6144,0.01,0.0,False,2000,100,22,10,25,1e-08,1.0,0.6744899999999999,0,5195,2474.93310546875,0.34375,0.6399999856948853
3,gd,symmetric-door,logloss,6.0,1024,1,6144,0.01,0.0,False,2000,100,22,10,26,1e-08,1.0,0.6744899999999999,0,3635,2476.052001953125,0.3424479067325592,0.6600000262260437
4,gd,symmetric-door,logloss,6.0,1024,1,6144,0.01,0.0,False,2000,100,22,10,27,1e-08,1.0,0.6744899999999999,0,5518,2473.65478515625,0.3427734375,0.6399999856948853
5,gd,symmetric-door,logloss,6.0,1024,1,6144,0.01,0.0,False,2000,100,22,10,28,1e-08,1.0,0.6744899999999999,0,3699,2473.203369140625,0.3430989682674408,0.6200000047683716
6,gd,symmetric-door,logloss,6.0,1024,1,6144,0.01,0.0,False,2000,100,22,10,29,1e-08,1.0,0.6744899999999999,0,7071,2473.93212890625,0.34375,0.6200000047683716
7,gd,symmetric-door,logloss,6.0,1024,1,6144,0.01,0.0,False,2000,100,22,10,30,1e-08,1.0,0.6744899999999999,0,4998,2475.45849609375,0.3421224057674408,0.6800000071525574
8,gd,symmetric-door,logloss,6.0,1024,1,6144,0.01,0.0,False,2000,100,22,10,31,1e-08,1.0,0.6744899999999999,0,4818,3487.197998046875,0.5263671875,0.8000000119209291
9,gd,symmetric-door,logloss,6.0,1024,1,6144,0.01,0.0,False,2000,100,22,10,32,1e-08,1.0,0.6744899999999999,0,9352,3508.0751953125,0.5309244990348816,1.0199999809265137
0,gd,symmetric-door,logloss,5.5,1024,1,5632,0.01,0.0,False,2000,100,32,10,33,1e-08,1.0,0.6744899999999999,0,5951,3229.37939453125,0.5284090638160706,0.959999978542328
1,gd,symmetric-door,logloss,5.5,1024,1,5632,0.01,0.0,False,2000,100,32,10,34,1e-08,1.0,0.6744899999999999,0,6515,3139.78271484375,0.5138494372367859,1.0199999809265137
2,gd,symmetric-door,logloss,5.5,1024,1,5632,0.01,0.0,False,2000,100,32,10,35,1e-08,1.0,0.6744899999999999,0,8162,2289.75634765625,0.3473011255264282,0.479999989271164
3,gd,symmetric-door,logloss,5.5,1024,1,5632,0.01,0.0,False,2000,100,32,10,36,1e-08,1.0,0.6744899999999999,0,4549,3176.3671875,0.5152698755264282,0.8399999737739563
4,gd,symmetric-door,logloss,5.5,1024,1,5632,0.01,0.0,False,2000,100,32,10,37,1e-08,1.0,0.6744899999999999,0,8757,2291.371826171875,0.3512073755264282,0.4600000083446503
5,gd,symmetric-door,logloss,5.5,1024,1,5632,0.01,0.0,False,2000,100,32,10,38,1e-08,1.0,0.6744899999999999,0,5486,2288.841552734375,0.3458806872367859,0.4399999976158142
6,gd,symmetric-door,logloss,5.5,1024,1,5632,0.01,0.0,False,2000,100,32,10,39,1e-08,1.0,0.6744899999999999,0,6449,2289.861083984375,0.34303978085517883,0.4399999976158142
7,gd,symmetric-door,logloss,5.5,1024,1,5632,0.01,0.0,False,2000,100,32,10,40,1e-08,1.0,0.6744899999999999,0,5154,3160.751220703125,0.5110085010528564,1.1399999856948853
8,gd,symmetric-door,logloss,5.5,1024,1,5632,0.01,0.0,False,2000,100,32,10,41,1e-08,1.0,0.6744899999999999,0,6882,3175.01513671875,0.4996448755264282,0.8999999761581421
9,gd,symmetric-door,logloss,5.5,1024,1,5632,0.01,0.0,False,2000,100,32,10,42,1e-08,1.0,0.6744899999999999,0,7589,2289.28369140625,0.3480113744735718,0.479999989271164
0,gd,symmetric-door,logloss,2.5,1024,1,2560,0.01,0.0,False,2000,100,22,10,23,1e-08,1.0,0.6744899999999999,0,8276,1167.280517578125,0.35546875,0.9200000166893004
1,gd,symmetric-door,logloss,2.5,1024,1,2560,0.01,0.0,False,2000,100,22,10,24,1e-08,1.0,0.6744899999999999,0,9074,1186.206787109375,0.37421876192092896,0.9800000190734864
2,gd,symmetric-door,logloss,2.5,1024,1,2560,0.01,0.0,False,2000,100,22,10,25,1e-08,1.0,0.6744899999999999,0,8332,1183.1065673828125,0.35859376192092896,0.8799999952316284
3,gd,symmetric-door,logloss,2.5,1024,1,2560,0.01,0.0,False,2000,100,22,10,26,1e-08,1.0,0.6744899999999999,0,9744,1168.802490234375,0.35859376192092896,0.8600000143051147
4,gd,symmetric-door,logloss,2.5,1024,1,2560,0.01,0.0,False,2000,100,22,10,27,1e-08,1.0,0.6744899999999999,0,10447,1183.5828857421875,0.36406248807907104,0.8199999928474426
5,gd,symmetric-door,logloss,2.5,1024,1,2560,0.01,0.0,False,2000,100,22,10,28,1e-08,1.0,0.6744899999999999,0,14052,1168.124755859375,0.359375,0.9399999976158142
6,gd,symmetric-door,logloss,2.5,1024,1,2560,0.01,0.0,False,2000,100,22,10,29,1e-08,1.0,0.6744899999999999,0,9898,1181.0904541015625,0.34687501192092896,0.9200000166893004
7,gd,symmetric-door,logloss,2.5,1024,1,2560,0.01,0.0,False,2000,100,22,10,30,1e-08,1.0,0.6744899999999999,0,10338,1200.27978515625,0.3890624940395355,0.8000000119209291
8,gd,symmetric-door,logloss,2.5,1024,1,2560,0.01,0.0,False,2000,100,22,10,31,1e-08,1.0,0.6744899999999999,0,9264,1238.67822265625,0.390625,0.9200000166893004
9,gd,symmetric-door,logloss,2.5,1024,1,2560,0.01,0.0,False,2000,100,22,10,32,1e-08,1.0,0.6744899999999999,0,12783,1168.5203857421875,0.35234373807907104,0.8999999761581421
0,gd,symmetric-door,logloss,4.0,1024,1,4096,0.01,0.0,False,2000,100,22,10,23,1e-08,1.0,0.6744899999999999,0,5970,2111.709716796875,0.4453125,0.9200000166893004
1,gd,symmetric-door,logloss,4.0,1024,1,4096,0.01,0.0,False,2000,100,22,10,24,1e-08,1.0,0.6744899999999999,0,5718,2135.838623046875,0.45166015625,1.0199999809265137
2,gd,symmetric-door,logloss,4.0,1024,1,4096,0.01,0.0,False,2000,100,22,10,25,1e-08,1.0,0.6744899999999999,0,9766,2176.4267578125,0.46240234375,0.9399999976158142
3,gd,symmetric-door,logloss,4.0,1024,1,4096,0.01,0.0,False,2000,100,22,10,26,1e-08,1.0,0.6744899999999999,0,7311,2076.83642578125,0.42236328125,0.8799999952316284
4,gd,symmetric-door,logloss,4.0,1024,1,4096,0.01,0.0,False,2000,100,22,10,27,1e-08,1.0,0.6744899999999999,0,6489,2171.669677734375,0.46533203125,1.1200000047683716
5,gd,symmetric-door,logloss,4.0,1024,1,4096,0.01,0.0,False,2000,100,22,10,28,1e-08,1.0,0.6744899999999999,0,7397,2127.418701171875,0.4453125,0.9399999976158142
6,gd,symmetric-door,logloss,4.0,1024,1,4096,0.01,0.0,False,2000,100,22,10,29,1e-08,1.0,0.6744899999999999,0,4693,2177.081298828125,0.462890625,0.9399999976158142
7,gd,symmetric-door,logloss,4.0,1024,1,4096,0.01,0.0,False,2000,100,22,10,30,1e-08,1.0,0.6744899999999999,0,6535,2186.4501953125,0.45556640625,1.0399999618530271
8,gd,symmetric-door,logloss,4.0,1024,1,4096,0.01,0.0,False,2000,100,22,10,31,1e-08,1.0,0.6744899999999999,0,6288,2146.78759765625,0.4384765625,1.1200000047683716
9,gd,symmetric-door,logloss,4.0,1024,1,4096,0.01,0.0,False,2000,100,22,10,32,1e-08,1.0,0.6744899999999999,0,10626,2149.61865234375,0.44970703125,0.8799999952316284
0,gd,symmetric-door,logloss,1.5,1024,1,1536,0.01,0.0,False,2000,100,22,10,23,1e-08,1.0,0.6744899999999999,0,20002,481.5924987792969,0.1263020783662796,1.0599999427795408
1,gd,symmetric-door,logloss,1.5,1024,1,1536,0.01,0.0,False,2000,100,22,10,24,1e-08,1.0,0.6744899999999999,0,20002,498.6700134277344,0.15234375,1.0800000429153442
2,gd,symmetric-door,logloss,1.5,1024,1,1536,0.01,0.0,False,2000,100,22,10,25,1e-08,1.0,0.6744899999999999,0,20002,515.5504760742189,0.16796875,1.1200000047683716
3,gd,symmetric-door,logloss,1.5,1024,1,1536,0.01,0.0,False,2000,100,22,10,26,1e-08,1.0,0.6744899999999999,0,20002,478.1259460449219,0.1315104216337204,1.100000023841858
4,gd,symmetric-door,logloss,1.5,1024,1,1536,0.01,0.0,False,2000,100,22,10,27,1e-08,1.0,0.6744899999999999,0,20002,490.2508850097656,0.1328125,0.9800000190734864
5,gd,symmetric-door,logloss,1.5,1024,1,1536,0.01,0.0,False,2000,100,22,10,28,1e-08,1.0,0.6744899999999999,0,20002,494.3591003417969,0.1184895858168602,1.1200000047683716
6,gd,symmetric-door,logloss,1.5,1024,1,1536,0.01,0.0,False,2000,100,22,10,29,1e-08,1.0,0.6744899999999999,0,20002,496.23516845703125,0.1315104216337204,1.1599999666213991
7,gd,symmetric-door,logloss,1.5,1024,1,1536,0.01,0.0,False,2000,100,22,10,30,1e-08,1.0,0.6744899999999999,0,20002,510.35693359375,0.1575520783662796,1.1200000047683716
8,gd,symmetric-door,logloss,1.5,1024,1,1536,0.01,0.0,False,2000,100,22,10,31,1e-08,1.0,0.6744899999999999,0,20002,536.2352905273439,0.16796875,1.0599999427795408
9,gd,symmetric-door,logloss,1.5,1024,1,1536,0.01,0.0,False,2000,100,22,10,32,1e-08,1.0,0.6744899999999999,0,20002,505.0640563964844,0.1458333283662796,1.0199999809265137
